创金合信基金管理有限公司成立公告,2014-07-22,上海证券报
苏彦祝的“创金合信”未来蓝图,2014-08-03,上海证券报
苏彦祝的“创金合信”未来蓝图,2014-08-04,上海证券报
创金合信总经理苏彦祝：事业部制在路上,2015-02-08,上海证券报
创金合信总经理苏彦祝：事业部制在路上,2015-02-09,上海证券报
创金合信聚利债券型证券投资基金招募说明书,2015-04-18,上海证券报
创金合信聚利债券型证券投资基金基金合同摘要,2015-04-18,上海证券报
创金合信聚利债券型证券投资基金基金份额发售公告,2015-04-18,上海证券报
创金合信聚利债券型证券投资基金招募说明书,2015-04-18,上海证券报
创金合信聚利债券型证券投资基金基金合同摘要,2015-04-18,上海证券报
创金合信聚利债券型证券投资基金基金份额发售公告,2015-04-18,上海证券报
创金合信聚利债券型证券投资基金招募说明书,2015-04-18,上海证券报
创金合信聚利债券型证券投资基金招募说明书,2015-04-18,上海证券报
创金合信聚利债券拟任基金经理王一兵：债券提供安全垫追求股票超额收益,2015-04-19,上海证券报
创金合信聚利债券拟任基金经理王一兵：债券提供安全垫追求股票超额收益,2015-04-20,上海证券报
创金合信首只公募基金22日起发行,2015-04-21,上海证券报
创金合信聚利债券型证券投资基金基金合同生效公告,2015-05-16,上海证券报
创金合信聚利债券型证券投资基金基金开放日常申购(赎回、转换、定期定额投资)业务公告,2015-05-28,上海证券报
创金合信聚利债券型证券投资基金基金经理变更公告,2015-06-12,上海证券报
创金合信基金投资总监陈玉辉： 追求个股风险收益比最大化,2015-07-19,上海证券报
创金合信基金投资总监陈玉辉： 追求个股风险收益比最大化,2015-07-20,上海证券报
创金合信基金管理有限公司关于增加天天基金为创金合信聚利债券型证券投资基金代销机构及参加天天基金网费率优惠的公告,2015-08-25,上海证券报
关于创金合信基金管理有限公司旗下基金参与天天基金费率优惠活动的公告,2015-09-02,上海证券报
创金合信聚利债券型证券投资基金开放定期定额投资业务的公告,2015-10-15,上海证券报
创金合信聚利债券型证券投资基金,2015-10-26,上海证券报
创金合信基金管理有限公司关于增加上海陆金所资产管理有限公司为旗下基金代销机构并参与其费率优惠活动的公告,2015-10-29,上海证券报
创金合信聚财保本混合型证券投资基金招募说明书,2015-11-03,上海证券报
创金合信聚财保本混合型证券投资基金基金合同摘要,2015-11-03,上海证券报
创金合信聚财保本混合型证券投资基金基金份额发售公告,2015-11-03,上海证券报
创金合信聚财保本混合型证券投资基金招募说明书,2015-11-03,上海证券报
创金合信聚财保本混合型证券投资基金基金合同摘要,2015-11-03,上海证券报
创金合信聚财保本混合型证券投资基金基金份额发售公告,2015-11-03,上海证券报
创金合信聚财保本混合型证券投资基金招募说明书,2015-11-03,上海证券报
创金合信聚财保本混合型证券投资基金招募说明书,2015-11-03,上海证券报
创金合信基金管理有限公司关于调整创金合信聚财保本混合型证券投资基金单个基金份额持有人累计认购金额上限的公告,2015-11-04,上海证券报
创金合信王一兵：利率持续下行有望带来债市“长牛”,2015-11-08,上海证券报
创金合信王一兵：利率持续下行有望带来债市“长牛”,2015-11-09,上海证券报
创金合信基金管理有限公司关于增加创金合信聚财保本混合型证券投资基金认购方式的公告,2015-11-11,上海证券报
创金合信聚财保本混合型证券投资基金基金合同生效公告,2015-11-17,上海证券报
创金合信基金管理有限公司关于增加浙江同花顺基金销售有限公司为旗下基金代销机构并参与其费率优惠活动的公告,2015-11-25,上海证券报
创金合信基金管理有限公司关于旗下基金增加定期定额投资业务代销机构的公告,2015-12-02,上海证券报
创金合信基金管理有限公司关于增加兴业银行股份有限公司为旗下基金代销机构并参与其费率优惠活动的公告,2015-12-09,上海证券报
创金合信量化多因子基金12月23日起首发,2015-12-22,上海证券报
创金合信基金程志田：多因子量化投资制胜,2015-12-27,上海证券报
创金合信基金程志田：多因子量化投资制胜,2015-12-28,上海证券报
创金合信聚利债券型证券投资基金招募说明书（更新）摘要,2015-12-30,上海证券报
关于指数熔断机制实施后对创金合信基金管理有限公司旗下公募基金业务规则影响的公告,2015-12-31,上海证券报
创金合信聚利债券型证券投资基金2015年第四季度报告,2016-01-20,上海证券报
创金合信基金总经理苏彦祝：当前A股处于底部区域,2016-01-24,上海证券报
创金合信基金总经理苏彦祝：当前A股处于底部区域,2016-01-25,上海证券报
创金合信基金管理有限公司关于增加华夏银行股份有限公司为旗下基金代销机构并参与其费率优惠活动的公告,2016-01-27,上海证券报
创金合信尊盛纯债债券型证券投资基金招募说明书,2016-02-19,上海证券报
创金合信尊盛纯债债券型证券投资基金基金份额发售公告,2016-02-19,上海证券报
创金合信尊盛纯债债券型证券投资基金基金合同摘要,2016-02-19,上海证券报
创金合信尊盛纯债债券型证券投资基金基金份额发售公告,2016-02-19,上海证券报
创金合信尊盛纯债债券型证券投资基金基金合同摘要,2016-02-19,上海证券报
创金合信尊盛纯债债券型证券投资基金招募说明书,2016-02-19,上海证券报
创金合信尊盛纯债债券型证券投资基金招募说明书,2016-02-19,上海证券报
创金合信尊盛纯债债券型证券投资基金基金合同生效公告,2016-02-27,上海证券报
创金合信尊盛纯债债券型证券投资基金开放日常申购、赎回和定期定额投资业务公告,2016-03-19,上海证券报
创金合信尊盛纯债债券型证券投资基金暂停（大额）申购（转换转入、赎回、转换转出、定期定额投资）公告,2016-03-22,上海证券报
创金合信基金管理有限公司关于旗下基金增加定期定额投资业务代销机构的公告,2016-03-23,上海证券报
创金合信聚利债券型证券投资基金,2016-03-26,上海证券报
创金合信基金管理有限公司关于参与中国工商银行股份有限公司费率优惠活动的公告,2016-03-30,上海证券报
创金合信基金管理有限公司关于旗下部分基金增加代销机构的公告,2016-04-13,上海证券报
创金合信鑫安保本混合基金15日正式发行,2016-04-15,上海证券报
创金合信基金：估值体系得以恢复  2016年无需悲观,2016-04-17,上海证券报
创金合信基金：估值体系得以恢复  2016年无需悲观,2016-04-18,上海证券报
创金合信聚财保本混合型证券投资基金,2016-04-22,上海证券报
创金合信聚利债券型证券投资基金,2016-04-22,上海证券报
创金合信尊盛纯债债券型证券投资基金恢复大额申购公告,2016-05-20,上海证券报
创金合信基金管理有限公司关于旗下部分基金增加代销机构的公告,2016-05-28,上海证券报
创金合信基金管理有限公司关于旗下部分基金增加代销机构的公告,2016-06-02,上海证券报
创金合信尊誉纯债债券型证券投资基金招募说明书,2016-06-24,上海证券报
创金合信尊誉纯债债券型证券投资基金基金合同摘要,2016-06-24,上海证券报
创金合信尊誉纯债债券型证券投资基金基金份额发售公告,2016-06-24,上海证券报
创金合信尊誉纯债债券型证券投资基金招募说明书,2016-06-24,上海证券报
创金合信尊誉纯债债券型证券投资基金基金合同摘要,2016-06-24,上海证券报
创金合信尊誉纯债债券型证券投资基金基金份额发售公告,2016-06-24,上海证券报
创金合信尊誉纯债债券型证券投资基金招募说明书,2016-06-24,上海证券报
创金合信尊誉纯债债券型证券投资基金招募说明书,2016-06-24,上海证券报
创金合信基金管理有限公司关于旗下基金开展微信直销平台认购费率优惠活动的公告,2016-06-24,上海证券报
创金合信聚财保本混合型证券投资基金招募说明书（更新）摘要,2016-06-28,上海证券报
创金合信聚利债券型证券投资基金招募说明书（更新）摘要,2016-06-28,上海证券报
创金合信基金管理有限公司关于旗下部分基金估值方法变更的提示性公告,2016-06-29,上海证券报
创金合信基金管理有限公司关于创金合信尊誉纯债债券型证券投资基金暂停天天基金代销、微信直销的公告,2016-06-30,上海证券报
创金合信基金管理有限公司关于创金合信尊誉纯债债券型证券投资基金提前结束募集的公告,2016-07-06,上海证券报
创金合信尊誉纯债债券型证券投资基金基金合同生效公告,2016-07-12,上海证券报
创金合信聚利债券型证券投资基金,2016-07-20,上海证券报
创金合信聚财保本混合型证券投资基金,2016-07-20,上海证券报
创金合信尊盛纯债债券型证券投资基金,2016-07-20,上海证券报
创金合信尊誉纯债债券型证券投资基金开放日常申购、赎回和定期定额投资业务公告,2016-07-26,上海证券报
创金合信基金管理有限公司关于旗下部分基金增加代销机构的公告,2016-07-28,上海证券报
创金合信基金管理有限公司关于调整旗下部分开放式基金申购金额下限及最低持有金额下限的公告,2016-08-10,上海证券报
创金合信基金关于调整官方微信平台认购及申购费率的公告,2016-08-17,上海证券报
创金合信尊丰纯债债券型证券投资基金招募说明书,2016-08-24,上海证券报
创金合信尊丰纯债债券型证券投资基金基金合同摘要,2016-08-24,上海证券报
创金合信尊丰纯债债券型证券投资基金基金份额发售公告,2016-08-24,上海证券报
创金合信尊丰纯债债券型证券投资基金基金份额发售公告,2016-08-24,上海证券报
创金合信尊丰纯债债券型证券投资基金基金合同摘要,2016-08-24,上海证券报
创金合信尊丰纯债债券型证券投资基金招募说明书,2016-08-24,上海证券报
创金合信尊丰纯债债券型证券投资基金招募说明书,2016-08-24,上海证券报
创金合信基金管理有限公司旗下部分开放式证券投资基金增加诺亚财富为代销机构的公告,2016-08-24,上海证券报
创金合信聚财保本混合型证券投资基金,2016-08-27,上海证券报
创金合信聚利债券型证券投资基金,2016-08-27,上海证券报
创金合信尊盛纯债债券型证券投资基金,2016-08-27,上海证券报
创金合信基金管理有限公司关于创金合信尊丰纯债债券型证券投资基金提前结束募集的公告,2016-08-31,上海证券报
创金合信尊丰纯债债券型证券投资基金基金合同生效公告,2016-09-03,上海证券报
创金合信程志田：资产荒或引增量资金流入股市,2016-09-04,上海证券报
创金合信程志田：资产荒或引增量资金流入股市,2016-09-05,上海证券报
创金合信基金管理有限公司旗下部分开放式证券投资基金增加大泰金石为代销机构的公告,2016-09-06,上海证券报
创金合信基金管理有限公司旗下部分开放式证券投资基金增加中信建投为代销机构的公告,2016-09-21,上海证券报
创金合信尊誉纯债债券型证券投资基金分红公告,2016-09-22,上海证券报
创金合信尊丰纯债债券型证券投资基金开放日常申购、赎回和定期定额投资业务公告,2016-10-11,上海证券报
创金合信基金管理有限公司旗下部分开放式证券投资基金增加大智慧财富为代销机构的公告,2016-10-18,上海证券报
创金合信基金管理有限公司旗下部分开放式证券投资基金增加上海基煜基金销售有限公司为代销机构的公告,2016-10-20,上海证券报
创金合信优价成长股票型发起式证券投资基金招募说明书,2016-10-22,上海证券报
创金合信优价成长股票型发起式证券投资基金基金合同摘要,2016-10-22,上海证券报
创金合信优价成长股票型发起式证券投资基金基金份额发售公告,2016-10-22,上海证券报
创金合信优价成长股票型发起式证券投资基金招募说明书,2016-10-22,上海证券报
创金合信优价成长股票型发起式证券投资基金基金合同摘要,2016-10-22,上海证券报
创金合信优价成长股票型发起式证券投资基金基金份额发售公告,2016-10-22,上海证券报
创金合信资源主题精选股票型发起式证券投资基金招募说明书,2016-10-22,上海证券报
创金合信资源主题精选股票型发起式证券投资基金份额发售公告,2016-10-22,上海证券报
创金合信资源主题精选股票型发起式证券投资基金基金合同摘要,2016-10-22,上海证券报
创金合信资源主题精选股票型发起式证券投资基金基金合同摘要,2016-10-22,上海证券报
创金合信资源主题精选股票型发起式证券投资基金份额发售公告,2016-10-22,上海证券报
创金合信资源主题精选股票型发起式证券投资基金招募说明书,2016-10-22,上海证券报
创金合信资源主题精选股票型发起式证券投资基金招募说明书,2016-10-22,上海证券报
创金合信优价成长股票型发起式证券投资基金招募说明书,2016-10-22,上海证券报
创金合信优价成长股票型发起式证券投资基金招募说明书,2016-10-22,上海证券报
创金合信聚财保本混合型证券投资基金,2016-10-24,上海证券报
创金合信尊誉纯债债券型证券投资基金,2016-10-24,上海证券报
创金合信聚利债券型证券投资基金,2016-10-24,上海证券报
创金合信尊盛纯债债券型证券投资基金,2016-10-24,上海证券报
创金合信基金管理有限公司关于创金合信资源主题精选股票型发起式证券投资基金提前结束募集的公告,2016-10-26,上海证券报
创金合信基金管理有限公司旗下部分开放式证券投资基金增加金融界为代销机构的公告,2016-11-01,上海证券报
创金合信基金管理有限公司关于旗下部分基金增加代销机构的公告,2016-11-03,上海证券报
创金合信基金关于针对旗下部分开放式证券投资基金调整直销柜台申购金额的公告,2016-11-24,上海证券报
创金合信基金管理有限公司关于提请投资者及时更新过期身份证件或身份证明文件的公告,2016-11-25,上海证券报
创金合信基金管理有限公司关于养老金账户通过直销柜台申购、转换转入旗下部分基金产品费率优惠的公告,2016-11-26,上海证券报
创金合信基金关于针对旗下部分开放式证券投资基金调整直销柜台申购费率的公告,2016-12-08,上海证券报
创金合信基金管理有限公司关于直销柜台专用传真号变更的公告,2016-12-15,上海证券报
创金合信基金投资总监陈玉辉：国企改革主题将是明年的投资“风口”,2016-12-18,上海证券报
创金合信基金投资总监陈玉辉：国企改革主题将是明年的投资“风口”,2016-12-19,上海证券报
创金合信聚财保本混合型证券投资基金招募说明书（更新）摘要,2016-12-22,上海证券报
创金合信聚利债券型证券投资基金招募说明书（更新）摘要,2016-12-22,上海证券报
创金合信基金管理有限公司旗下部分开放式证券投资基金增加和讯为代销机构的公告,2016-12-23,上海证券报
创金合信尊誉纯债债券型证券投资基金增加晋商银行为代销机构的公告,2016-12-24,上海证券报
创金合信基金管理有限公司关于旗下部分开放式证券投资基金增加永鑫保险为代销机构的公告,2016-12-28,上海证券报
创金合信基金管理有限公司关于调整旗下部分开放式证券投资基金申购及赎回金额的公告,2017-01-04,上海证券报
创金合信基金管理有限公司旗下部分开放式证券投资基金增加代销机构的公告,2017-01-07,上海证券报
创金合信尊誉纯债债券型证券投资基金分红公告,2017-01-11,上海证券报
创金合信尊丰纯债债券型证券投资基金分红公告,2017-01-12,上海证券报
创金合信聚财保本混合型证券投资基金,2017-01-23,上海证券报
创金合信聚利债券型证券投资基金,2017-01-23,上海证券报
创金合信尊丰纯债债券型证券投资基金,2017-01-23,上海证券报
创金合信尊盛纯债债券型证券投资基金,2017-01-23,上海证券报
创金合信尊誉纯债债券型证券投资基金,2017-01-23,上海证券报
创金合信基金管理有限公司旗下部分开放式证券投资基金增加蛋卷基金为代销机构的公告,2017-01-24,上海证券报
创金合信尊隆纯债债券型证券投资基金招募说明书,2017-01-26,上海证券报
创金合信尊隆纯债债券型证券投资基金基金合同摘要,2017-01-26,上海证券报
创金合信尊隆纯债债券型证券投资基金份额发售公告,2017-01-26,上海证券报
创金合信尊隆纯债债券型证券投资基金基金合同摘要,2017-01-26,上海证券报
创金合信尊隆纯债债券型证券投资基金招募说明书,2017-01-26,上海证券报
创金合信尊隆纯债债券型证券投资基金招募说明书,2017-01-26,上海证券报
创金合信尊隆纯债债券型证券投资基金招募说明书,2017-01-26,上海证券报
创金合信基金管理有限公司关于创金合信尊隆纯债债券型证券投资基金提前结束募集的公告,2017-02-07,上海证券报
创金合信基金管理有限公司旗下部分开放式证券投资基金增加平安证券为代销机构的公告,2017-02-09,上海证券报
创金合信尊隆纯债债券型证券投资基金基金合同生效公告,2017-02-11,上海证券报
创金合信基金管理有限公司关于旗下部分基金增加代销机构的公告,2017-02-16,上海证券报
创金合信基金管理有限公司关于直销柜台申购费率优惠政策调整的公告,2017-02-22,上海证券报
创金合信优价成长股票型发起式证券投资基金暂停大额申购的公告,2017-02-24,上海证券报
创金合信尊誉纯债债券型证券投资基金招募说明书（更新）摘要,2017-02-25,上海证券报
创金合信程志田：严监管筑牢慢牛基础量化投资迎“新春”,2017-02-26,上海证券报
创金合信程志田：严监管筑牢慢牛基础量化投资迎“新春”,2017-02-27,上海证券报
创金合信尊盛纯债债券型证券投资基金分红公告,2017-03-14,上海证券报
创金合信基金管理有限公司旗下部分开放式证券投资基金增加上海基煜为代销机构的公告,2017-03-16,上海证券报
创金合信基金管理有限公司关于旗下部分开放式证券投资基金增加汇成基金为代销机构的公告,2017-03-24,上海证券报
创金合信聚财保本混合型证券投资基金,2017-03-27,上海证券报
创金合信尊丰纯债债券型证券投资基金,2017-03-27,上海证券报
创金合信尊盛纯债债券型证券投资基金,2017-03-27,上海证券报
创金合信尊誉纯债债券型证券投资基金,2017-03-27,上海证券报
创金合信聚利债券型证券投资基金,2017-03-27,上海证券报
创金合信尊盛纯债债券型证券投资基金招募说明书（更新）摘要,2017-04-12,上海证券报
创金合信曹春林：结构变化孕育投资新机会,2017-04-16,上海证券报
创金合信曹春林：结构变化孕育投资新机会,2017-04-17,上海证券报
创金合信基金管理有限公司关于公司旗下部分基金估值调整情况的公告,2017-04-20,上海证券报
创金合信聚财保本混合型证券投资基金,2017-04-21,上海证券报
创金合信聚利债券型证券投资基金,2017-04-21,上海证券报
创金合信优价成长股票型发起式证券投资基金,2017-04-21,上海证券报
创金合信资源主题精选股票型发起式证券投资基金,2017-04-21,上海证券报
创金合信尊丰纯债债券型证券投资基金,2017-04-21,上海证券报
创金合信尊盛纯债债券型证券投资基金,2017-04-21,上海证券报
创金合信尊誉纯债债券型证券投资基金,2017-04-21,上海证券报
创金合信基金管理有限公司关于公司旗下部分基金估值调整情况的公告,2017-04-25,上海证券报
创金合信基金管理有限公司关于创金合信聚财保本混合型证券投资基金终止基金合同的公告,2017-05-05,上海证券报
创金合信尊隆纯债债券型证券投资基金开放日常申购、赎回业务公告,2017-05-06,上海证券报
创金合信基金管理有限公司关于公司旗下部分基金估值调整情况的公告,2017-05-11,上海证券报
创金合信基金管理有限公司关于创金合信聚财保本混合型证券投资基金终止基金合同的第一次提示性公告,2017-05-12,上海证券报
创金合信基金管理有限公司关于创金合信聚财保本混合型证券投资基金终止基金合同的第二次提示性公告,2017-05-15,上海证券报
关于创金合信聚财保本混合型证券投资基金变更基金份额净值计算位数的公告,2017-05-16,上海证券报
创金合信基金管理有限公司关于旗下部分开放式证券投资基金增加前海凯恩斯为代销机构的公告,2017-06-05,上海证券报
创金合信基金管理有限公司关于开通旗下部分开放式基金转换业务的公告,2017-06-13,上海证券报
创金合信优价成长股票型发起式证券投资基金招募说明书（更新）摘要,2017-06-15,上海证券报
创金合信资源主题精选股票型发起式证券投资基金招募说明书（更新）摘要,2017-06-15,上海证券报
创金合信基金管理有限公司关于旗下部分基金及其代销机构一览表的公告,2017-06-23,上海证券报
创金合信基金管理有限公司关于旗下部分开放式基金增加代销机构暨参加代销机构费率优惠活动的公告,2017-06-28,上海证券报
创金合信聚利债券型证券投资基金招募说明书（更新）摘要,2017-06-28,上海证券报
创金合信聚财保本混合型证券投资基金招募说明书（更新）摘要,2017-06-29,上海证券报
关于创金合信基金管理有限公司旗下部分开放式基金开通在代销机构转换业务的公告,2017-07-04,上海证券报
创金合信基金管理有限公司关于公司旗下部分基金估值调整情况的公告,2017-07-04,上海证券报
关于创金合信基金管理有限公司旗下部分开放式基金开通在微信直销平台转换业务的公告,2017-07-10,上海证券报
创金合信基金管理有限公司关于旗下部分开放式基金增加凯石财富为代销机构的公告,2017-07-14,上海证券报
创金合信聚财保本混合型证券投资基金清算报告,2017-07-18,上海证券报
创金合信尊盛纯债债券型证券投资基金,2017-07-19,上海证券报
创金合信尊誉纯债债券型证券投资基金,2017-07-19,上海证券报
创金合信尊丰纯债债券型证券投资基金,2017-07-19,上海证券报
创金合信聚利债券型证券投资基金,2017-07-19,上海证券报
创金合信优价成长股票型发起式证券投资基金,2017-07-19,上海证券报
创金合信资源主题精选股票型发起式证券投资基金,2017-07-19,上海证券报
创金合信尊隆纯债债券型证券投资基金,2017-07-19,上海证券报
创金合信尊盛纯债债券型证券投资基金,2017-07-19,上海证券报
创金合信尊誉纯债债券型证券投资基金,2017-07-19,上海证券报
创金合信尊丰纯债债券型证券投资基金,2017-07-19,上海证券报
创金合信聚利债券型证券投资基金,2017-07-19,上海证券报
创金合信优价成长股票型发起式证券投资基金,2017-07-19,上海证券报
创金合信资源主题精选股票型发起式证券投资基金,2017-07-19,上海证券报
创金合信尊隆纯债债券型证券投资基金,2017-07-19,上海证券报
创金合信尊盛纯债债券型证券投资基金,2017-07-19,上海证券报
创金合信尊誉纯债债券型证券投资基金,2017-07-19,上海证券报
创金合信尊丰纯债债券型证券投资基金,2017-07-19,上海证券报
创金合信聚利债券型证券投资基金,2017-07-19,上海证券报
创金合信优价成长股票型发起式证券投资基金,2017-07-19,上海证券报
创金合信资源主题精选股票型发起式证券投资基金,2017-07-19,上海证券报
创金合信尊隆纯债债券型证券投资基金,2017-07-19,上海证券报
创金合信尊盛纯债债券型证券投资基金,2017-07-19,上海证券报
创金合信尊誉纯债债券型证券投资基金,2017-07-19,上海证券报
创金合信尊丰纯债债券型证券投资基金,2017-07-19,上海证券报
创金合信聚利债券型证券投资基金,2017-07-19,上海证券报
创金合信优价成长股票型发起式证券投资基金,2017-07-19,上海证券报
创金合信资源主题精选股票型发起式证券投资基金,2017-07-19,上海证券报
创金合信尊隆纯债债券型证券投资基金,2017-07-19,上海证券报
创金合信尊盛纯债债券型证券投资基金,2017-07-19,上海证券报
创金合信尊誉纯债债券型证券投资基金,2017-07-19,上海证券报
创金合信尊丰纯债债券型证券投资基金,2017-07-19,上海证券报
创金合信聚利债券型证券投资基金,2017-07-19,上海证券报
创金合信优价成长股票型发起式证券投资基金,2017-07-19,上海证券报
创金合信资源主题精选股票型发起式证券投资基金,2017-07-19,上海证券报
创金合信尊隆纯债债券型证券投资基金,2017-07-19,上海证券报
创金合信尊盛纯债债券型证券投资基金,2017-07-19,上海证券报
创金合信尊誉纯债债券型证券投资基金,2017-07-19,上海证券报
创金合信尊丰纯债债券型证券投资基金,2017-07-19,上海证券报
创金合信聚利债券型证券投资基金,2017-07-19,上海证券报
创金合信优价成长股票型发起式证券投资基金,2017-07-19,上海证券报
创金合信资源主题精选股票型发起式证券投资基金,2017-07-19,上海证券报
创金合信尊隆纯债债券型证券投资基金,2017-07-19,上海证券报
创金合信聚财保本混合型证券投资基金,2017-07-20,上海证券报
创金合信聚财保本混合型证券投资基金,2017-07-20,上海证券报
创金合信聚财保本混合型证券投资基金,2017-07-20,上海证券报
创金合信基金管理有限公司关于旗下部分开放式基金增加唐鼎耀华为代销机构的公告,2017-07-26,上海证券报
创金合信：合伙文化三周年开花结果持续打造主动投资管理能力,2017-07-30,上海证券报
创金合信：合伙文化三周年开花结果持续打造主动投资管理能力,2017-07-31,上海证券报
关于《创金合信聚财保本混合型证券投资基金基金合同》终止的公告,2017-08-01,上海证券报
创金合信基金管理有限公司关于旗下部分开放式基金增加挖财基金为代销机构的公告,2017-08-14,上海证券报
创金合信尊誉纯债债券型证券投资基金招募说明书（更新）摘要,2017-08-24,上海证券报
创金合信优价成长股票型发起式证券投资基金,2017-08-25,上海证券报
创金合信尊丰纯债债券型证券投资基金,2017-08-25,上海证券报
创金合信尊盛纯债债券型证券投资基金,2017-08-25,上海证券报
创金合信尊誉纯债债券型证券投资基金,2017-08-25,上海证券报
创金合信尊隆纯债债券型证券投资基金,2017-08-25,上海证券报
创金合信聚利债券型证券投资基金,2017-08-25,上海证券报
创金合信资源主题精选股票型发起式证券投资基金,2017-08-25,上海证券报
创金合信基金陈玉辉：看好国企改革投资机会 寻找“三低”潜力品种,2017-08-27,上海证券报
创金合信基金陈玉辉：看好国企改革投资机会 寻找“三低”潜力品种,2017-08-28,上海证券报
创金合信基金管理有限公司关于旗下部分开放式基金增加 万家财富为代销机构的公告,2017-08-28,上海证券报
创金合信基金管理有限公司 关于旗下部分开放式基金增加大智慧为代销机构的公告,2017-08-29,上海证券报
创金合信基金管理有限公司关于旗下创金合信资源主题精选股票型发起式证券投资基金增加工商银行为代销机构的公告,2017-09-04,上海证券报
创金合信基金管理有限公司关于旗下部分开放式基金增加中泰证券为代销机构暨参加中泰证券费率优惠活动的公告,2017-09-08,上海证券报
创金合信基金管理有限公司关于旗下部分开放式基金增加招商银行为代销机构的公告,2017-09-11,上海证券报
创金合信尊丰纯债债券型证券投资基金分红公告,2017-09-12,上海证券报
创金合信基金管理有限公司关于旗下部分开放式基金增加光大证券为代销机构的公告,2017-09-13,上海证券报
创金合信基金管理有限公司关于公司旗下部分基金估值调整情况的公告,2017-09-15,上海证券报
创金合信尊隆纯债债券型证券投资基金招募说明书（更新）摘要,2017-09-22,上海证券报
创金合信沪港深研究精选灵活配置混合型证券投资基金招募说明书（更新）摘要,2017-09-29,上海证券报
创金合信尊盛纯债债券型证券投资基金招募说明书（更新）摘要,2017-09-29,上海证券报
创金合信鑫回报灵活配置混合型证券投资基金招募说明书（更新）摘要,2017-09-29,上海证券报
创金合信尊利纯债债券型证券投资基金招募说明书（更新）摘要,2017-09-29,上海证券报
创金合信基金管理有限公司关于旗下部分开放式基金增加世纪证券为代销机构的公告,2017-10-13,上海证券报
创金合信尊丰纯债债券型证券投资基金招募说明书（更新）摘要,2017-10-16,上海证券报
创金合信基金管理有限公司关于以通讯方式召开创金合信尊誉纯债债券型证券投资基金基金份额持有人大会的公告,2017-10-19,上海证券报
创金合信尊盛纯债债券型证券投资基金分红公告,2017-10-20,上海证券报
创金合信基金管理有限公司关于以通讯方式召开创金合信尊誉纯债债券型证券投资基金基金份额持有人大会的第二次提示性公告,2017-10-21,上海证券报
创金合信聚利债券型证券投资基金,2017-10-27,上海证券报
创金合信资源主题精选股票型发起式证券投资基金,2017-10-27,上海证券报
创金合信优价成长股票型发起式证券投资基金,2017-10-27,上海证券报
创金合信尊丰纯债债券型证券投资基金,2017-10-27,上海证券报
创金合信尊盛纯债债券型证券投资基金,2017-10-27,上海证券报
创金合信尊隆纯债债券型证券投资基金,2017-10-27,上海证券报
创金合信尊誉纯债债券型证券投资基金,2017-10-27,上海证券报
创金合信基金管理有限公司关于公司旗下部分基金估值调整情况的公告,2017-11-03,上海证券报
创金合信尊誉纯债债券型证券投资基金基金份额持有人大会表决结果暨决议生效公告,2017-11-22,上海证券报
创金合信基金管理有限公司关于公司旗下部分基金估值调整情况的公告,2017-11-28,上海证券报
创金合信睿合定期开放混合型证券投资基金招募说明书,2017-12-01,上海证券报
创金合信睿合定期开放混合型证券投资基金基金合同摘要,2017-12-01,上海证券报
创金合信睿合定期开放混合型证券投资基金基金份额发售公告,2017-12-01,上海证券报
创金合信睿合定期开放混合型证券投资基金基金合同摘要,2017-12-01,上海证券报
创金合信睿合定期开放混合型证券投资基金基金份额发售公告,2017-12-01,上海证券报
创金合信睿合定期开放混合型证券投资基金招募说明书,2017-12-01,上海证券报
创金合信睿合定期开放混合型证券投资基金招募说明书,2017-12-01,上海证券报
创金合信基金管理有限公司关于创金合信聚利债券型证券投资基金增加国泰君安证券为代销机构的公告,2017-12-06,上海证券报
创金合信基金管理有限公司关于旗下部分开放式基金增加代销机构的公告,2017-12-08,上海证券报
创金合信尊盛纯债债券型证券投资基金分红公告,2017-12-12,上海证券报
创金合信优价成长股票型发起式证券投资基金招募说明书（更新）摘要,2017-12-15,上海证券报
创金合信优价成长股票型发起式证券投资基金招募说明书（更新）摘要,2017-12-15,上海证券报
创金合信资源主题精选股票型发起式证券投资基金招募说明书（更新）摘要,2017-12-15,上海证券报
创金合信资源主题精选股票型发起式证券投资基金招募说明书（更新）摘要,2017-12-15,上海证券报
创金合信基金管理有限公司关于旗下部分开放式基金增加代销机构的公告,2017-12-20,上海证券报
创金合信基金管理有限公司关于旗下部分开放式基金增加代销机构的公告,2017-12-22,上海证券报
创金合信聚利债券型证券投资基金招募说明书（更新）摘要,2017-12-29,上海证券报
创金合信基金管理有限公司关于创金合信睿合定期开放混合型证券投资基金延长募集期的公告,2017-12-29,上海证券报
创金合信基金管理有限公司关于增值税对资产管理产品影响告投资者通知书,2017-12-30,上海证券报
创金合信基金管理有限公司关于创金合信睿合定期开放混合型证券投资基金增加国信证券为代销机构的公告,2018-01-05,上海证券报
创金合信国证1000指数发起式证券投资基金招募说明书,2018-01-06,上海证券报
创金合信国证1000指数发起式证券投资基金基金合同内容摘要,2018-01-06,上海证券报
创金合信国证1000指数发起式证券投资基金基金份额发售公告,2018-01-06,上海证券报
创金合信国证1000指数发起式证券投资基金基金合同内容摘要,2018-01-06,上海证券报
创金合信国证1000指数发起式证券投资基金招募说明书,2018-01-06,上海证券报
创金合信国证1000指数发起式证券投资基金招募说明书,2018-01-06,上海证券报
创金合信国证1000指数发起式证券投资基金招募说明书,2018-01-06,上海证券报
创金合信基金关于创金合信MSCI中国A股国际指数发起式证券投资基金增加部分代销机构的公告,2018-01-09,上海证券报
创金合信基金管理有限公司关于旗下部分开放式基金增加代销机构的公告,2018-01-10,上海证券报
创金合信基金陈龙：A股今年纳入MSCI 提前布局静候风来,2018-01-14,上海证券报
创金合信基金管理有限公司关于旗下部分开放式基金增加代销机构的公告,2018-01-15,上海证券报
创金合信基金陈龙：A股今年纳入MSCI 提前布局静候风来,2018-01-15,上海证券报
创金合信基金管理有限公司关于旗下部分开放式基金增加华泰证券为代销机构暨参加华泰证券费率优惠活动的公告,2018-01-17,上海证券报
创金合信聚利债券型证券投资基金2017年第四季度报告,2018-01-19,上海证券报
创金合信优价成长股票型发起式证券投资基金2017年第四季度报告,2018-01-19,上海证券报
创金合信尊隆纯债债券型证券投资基金2017年第四季度报告,2018-01-19,上海证券报
创金合信资源主题精选股票型发起式证券投资基金2017年第四季度报告,2018-01-19,上海证券报
创金合信尊丰纯债债券型证券投资基金2017年第四季度报告,2018-01-19,上海证券报
创金合信尊盛纯债债券型证券投资基金2017年第四季度报告,2018-01-19,上海证券报
创金合信尊誉纯债债券型证券投资基金2017年第四季度报告,2018-01-19,上海证券报
创金合信基金管理有限公司 关于创金合信睿合定期开放混合型 证券投资基金增加光大证券 为代销机构的公告,2018-01-22,上海证券报
创金合信基金管理有限公司关于旗下部分开放式基金增加华泰证券为代销机构暨参加华泰证券费率优惠活动的公告,2018-01-24,上海证券报
创金合信尊隆纯债债券型证券投资基金暂停大额申购业务的公告,2018-01-29,上海证券报
创金合信基金管理有限公司关于创金合信睿合定期开放混合型证券投资基金延长募集期的公告,2018-01-31,上海证券报
创金合信尊隆纯债债券型证券投资基金恢复大额申购业务的公告,2018-02-02,上海证券报
创金合信基金管理有限公司关于创金合信睿合定期开放混合型证券投资基金增加中信建投证券为代销机构的公告,2018-02-05,上海证券报
创金合信国证2000指数发起式证券投资基金基金合同生效公告,2018-02-08,上海证券报
创金合信基金管理有限公司关于公司旗下部分基金估值调整情况的公告,2018-02-22,上海证券报
创金合信基金管理有限公司关于创金合信睿合定期开放混合型证券投资基金增加安信证券为代销机构的公告,2018-02-22,上海证券报
创金合信基金管理有限公司关于旗下部分开放式基金在直销柜台开展费率优惠活动的公告,2018-02-28,上海证券报
创金合信MSCI中国A股国际指数发起式证券投资基金开放日常申购、赎回、转换和定期定额投资业务的公告,2018-03-02,上海证券报
创金合信基金管理有限公司关于公司旗下部分基金估值调整情况的公告,2018-03-02,上海证券报
创金合信国证2000指数发起式证券投资基金开放日常申购、赎回、转换和定期定额投资业务的公告,2018-03-02,上海证券报
创金合信基金管理有限公司关于旗下部分开放式基金增加平安银行为代销机构的公告,2018-03-05,上海证券报
创金合信尊誉纯债债券型证券投资基金清算报告,2018-03-09,上海证券报
创金合信睿合定期开放混合型证券投资基金基金合同生效公告,2018-03-13,上海证券报
创金合信基金管理有限公司关于旗下部分开放式基金增加代销机构的公告,2018-03-16,上海证券报
创金合信尊隆纯债债券型证券投资基金招募说明书（更新）摘要,2018-03-26,上海证券报
创金合信基金管理有限公司关于创金合信聚利债券型证券投资基金修订基金合同、托管协议部分条款 及调整赎回费相关规则的公告,2018-03-28,上海证券报
创金合信基金管理有限公司关于创金合信尊隆纯债债券型证券投资基金修订基金合同、托管协议部分 条款及调整赎回费相关规则的公告,2018-03-28,上海证券报
创金合信优价成长股票型发起式证券投资基金,2018-03-31,上海证券报
创金合信尊丰纯债债券型证券投资基金,2018-03-31,上海证券报
创金合信尊盛纯债债券型证券投资基金,2018-03-31,上海证券报
创金合信尊誉纯债债券型证券投资基金,2018-03-31,上海证券报
创金合信尊隆纯债债券型证券投资基金,2018-03-31,上海证券报
创金合信聚利债券型证券投资基金,2018-03-31,上海证券报
创金合信资源主题精选股票型发起式证券投资基金,2018-03-31,上海证券报
创金合信基金管理有限公司关于旗下部分开放式基金参加第一创业证券费率优惠活动的公告,2018-04-02,上海证券报
创金合信基金管理有限公司关于创金合信MSCI中国A股国际指数发起式证券投资基金增加部分代销机构的公告,2018-04-11,上海证券报
创金合信尊盛纯债债券型证券投资基金招募说明书（更新）摘要,2018-04-11,上海证券报
创金合信尊丰纯债债券型证券投资基金招募说明书（更新）摘要,2018-04-13,上海证券报
创金合信基金管理有限公司关于创金合信中证红利低波动指数发起式证券投资基金增加招商银行为代销机构的公告,2018-04-17,上海证券报
创金合信尊盛纯债债券型证券投资基金,2018-04-19,上海证券报
创金合信聚利债券型证券投资基金,2018-04-19,上海证券报
创金合信尊隆纯债债券型证券投资基金,2018-04-19,上海证券报
创金合信尊丰纯债债券型证券投资基金,2018-04-19,上海证券报
创金合信优价成长股票型发起式证券投资基金,2018-04-19,上海证券报
创金合信资源主题精选股票型发起式证券投资基金,2018-04-19,上海证券报
创金合信基金管理有限公司 关于旗下证券投资基金估值 调整情况的公告,2018-04-20,上海证券报
创金合信中证红利低波动指数发起式证券投资基金 基金合同生效公告,2018-04-27,上海证券报
创金合信尊盛纯债债券型证券投资基金暂停大额申购业务的公告,2018-05-03,上海证券报
创金合信尊盛纯债债券型证券投资基金分红公告,2018-05-04,上海证券报
创金合信春来回报一年期定期开放混合型发起式证券投资基金招募说明书,2018-05-15,上海证券报
创金合信春来回报一年期定期开放混合型发起式证券投资基金基金份额发售公告,2018-05-15,上海证券报
创金合信春来回报一年期定期开放混合型发起式证券投资基金基金合同内容摘要,2018-05-15,上海证券报
创金合信春来回报一年期定期开放混合型发起式证券投资基金基金份额发售公告,2018-05-15,上海证券报
创金合信春来回报一年期定期开放混合型发起式证券投资基金基金合同内容摘要,2018-05-15,上海证券报
创金合信春来回报一年期定期开放混合型发起式证券投资基金招募说明书,2018-05-15,上海证券报
创金合信春来回报一年期定期开放混合型发起式证券投资基金招募说明书,2018-05-15,上海证券报
创金合信中证红利低波动指数发起式证券投资基金开放日常申购、赎回、转换和定期定额投资业务的公告,2018-05-15,上海证券报
创金合信基金管理有限公司关于旗下部分开放式基金增加代销机构的公告,2018-05-17,上海证券报
创金合信工业周期精选股票型发起式证券投资基金基金合同生效公告,2018-05-18,上海证券报
创金合信基金管理有限公司关于旗下开放式基金参与银河证券费率优惠活动的公告,2018-05-18,上海证券报
创金合信基金管理有限公司关于公司旗下部分基金估值调整情况的公告,2018-05-19,上海证券报
创金合信基金管理有限公司关于旗下部分开放式基金增加代销机构的公告,2018-05-21,上海证券报
创金合信工业周期精选股票型发起式证券投资基金开放日常申购、赎回、转换及定期定额投资业务的公告,2018-05-22,上海证券报
创金合信基金管理有限公司关于旗下开放式基金参与第一创业证券费率优惠活动的公告,2018-05-24,上海证券报
创金合信基金管理有限公司关于创金合信春来回报一年期定期开放混合型发起式证券投资基金提前结束募集的公告,2018-05-31,上海证券报
创金合信春来回报一年期定期开放混合型发起式证券投资基金基金经理变更公告,2018-06-08,上海证券报
创金合信基金管理有限公司关于旗下证券投资基金估值调整情况的公告,2018-06-15,上海证券报
创金合信优价成长股票型发起式证券投资基金招募说明书（更新）摘要,2018-06-15,上海证券报
创金合信优价成长股票型发起式证券投资基金招募说明书（更新）摘要,2018-06-15,上海证券报
创金合信资源主题精选股票型发起式证券投资基金招募说明书（更新）摘要,2018-06-15,上海证券报
创金合信基金管理有限公司关于公司旗下部分基金估值调整情况的公告,2018-06-16,上海证券报
创金合信基金管理有限公司关于旗下证券投资基金估值调整情况的公告,2018-06-21,上海证券报
创金合信基金管理有限公司关于公司旗下部分基金估值调整情况的公告,2018-06-22,上海证券报
创金合信基金管理有限公司关于旗下部分开放式基金增加济安财富为代销机构的公告,2018-06-28,上海证券报
创金合信聚利债券型证券投资基金招募说明书（更新）摘要,2018-06-28,上海证券报
创金合信基金管理有限公司关于公司旗下部分基金估值调整情况的公告,2018-07-03,上海证券报
创金合信基金王一兵：债市分化或将延续关注安全边际提升品种,2018-07-08,上海证券报
创金合信基金王一兵：债市分化或将延续关注安全边际提升品种,2018-07-09,上海证券报
创金合信春来回报一年期定期开放混合型发起式证券投资基金基金经理变更公告,2018-07-10,上海证券报
创金合信基金管理有限公司关于旗下部分开放式基金 增加包商银行为代销机构的公告,2018-07-18,上海证券报
创金合信MSCI中国A股国际指数发起式证券投资基金,2018-07-20,上海证券报
创金合信中证红利低波动指数发起式证券投资基金,2018-07-20,上海证券报
创金合信优价成长股票型发起式证券投资基金,2018-07-20,上海证券报
创金合信国证1000指数发起式证券投资基金,2018-07-20,上海证券报
创金合信尊丰纯债债券型证券投资基金,2018-07-20,上海证券报
创金合信国证2000指数发起式证券投资基金,2018-07-20,上海证券报
创金合信睿合定期开放混合型证券投资基金,2018-07-20,上海证券报
创金合信尊盛纯债债券型证券投资基金,2018-07-20,上海证券报
创金合信尊隆纯债债券型证券投资基金,2018-07-20,上海证券报
创金合信聚利债券型证券投资基金,2018-07-20,上海证券报
创金合信资源主题精选股票型发起式证券投资基金,2018-07-20,上海证券报
创金合信基金管理有限公司关于旗下部分开放式基金增加恒泰证券为代销机构的公告,2018-08-01,上海证券报
创金合信基金管理有限公司关于旗下证券投资基金估值调整情况的公告,2018-08-01,上海证券报
创金合信恒利超短债债券型证券投资基金基金合同生效公告,2018-08-03,上海证券报
创金合信基金管理有限公司关于旗下部分开放式基金增加长量基金为代销机构的公告,2018-08-10,上海证券报
创金合信优价成长股票型发起式证券投资基金恢复大额申购、大额转换转入业务的公告,2018-08-11,上海证券报
创金合信基金管理有限公司关于旗下部分开放式基金增加和耕传承为代销机构的公告,2018-08-17,上海证券报
创金合信基金管理有限公司关于调整创金合信睿合定期开放混合型证券投资基金赎回费率的公告,2018-08-20,上海证券报
创金合信基金管理有限公司关于旗下 证券投资基金估值调整情况的公告,2018-08-25,上海证券报
创金合信恒利超短债债券型证券投资基金开放日常申购、转换转入及定期定额投资业务的公告,2018-08-28,上海证券报
创金合信MSCI中国A股国际指数发起式证券投资基金,2018-08-29,上海证券报
创金合信中证红利低波动指数发起式证券投资基金,2018-08-29,上海证券报
创金合信优价成长股票型发起式证券投资基金,2018-08-29,上海证券报
创金合信国证1000指数发起式证券投资基金,2018-08-29,上海证券报
创金合信国证2000指数发起式证券投资基金,2018-08-29,上海证券报
创金合信尊丰纯债债券型证券投资基金,2018-08-29,上海证券报
创金合信尊盛纯债债券型证券投资基金,2018-08-29,上海证券报
创金合信尊隆纯债债券型证券投资基金,2018-08-29,上海证券报
创金合信睿合定期开放混合型证券投资基金,2018-08-29,上海证券报
创金合信聚利债券型证券投资基金,2018-08-29,上海证券报
创金合信资源主题精选股票型发起式证券投资基金,2018-08-29,上海证券报
创金合信恒利超短债债券型证券投资基金开放日常赎回和转换转出业务的公告,2018-08-30,上海证券报
关于创金合信MSCI中国A股国际指数发起式证券投资基金、创金合信中证红利低波动指数发起式证券投资基金投资关联方证券的公告,2018-08-31,上海证券报
创金合信基金管理有限公司关于旗下部分开放式基金增加广发证券为代销机构的公告,2018-09-05,上海证券报
创金合信基金管理有限公司关于创金合信恒利超短债债券型证券投资基金增加恒泰证券为代销机构的公告,2018-09-06,上海证券报
关于创金合信睿合定期开放混合型证券投资基金在创金合信基金管理有限公司直销渠道（直销柜台及微信直销平台）开展赎回、转换转出费率优惠活动的公告,2018-09-08,上海证券报
创金合信尊盛纯债债券型证券投资基金分红公告,2018-09-11,上海证券报
创金合信睿合定期开放混合型证券投资基金暂停大额申购、大额转换转入业务的公告,2018-09-11,上海证券报
创金合信基金管理有限公司关于旗下部分开放式基金增加代销机构的公告,2018-09-11,上海证券报
创金合信恒利超短债债券型证券投资基金基金经理变更公告,2018-09-12,上海证券报
创金合信基金管理有限公司关于创金合信睿合定期开放混合型证券投资基金参与代销机构赎回费率优惠活动的公告,2018-09-12,上海证券报
创金合信睿合定期开放混合型证券投资基金暂停申购、转换转入业务的公告,2018-09-14,上海证券报
创金合信国证1000指数发起式证券投资基金招募说明书（更新）摘要,2018-09-20,上海证券报
创金合信国证1000指数发起式证券投资基金招募说明书（更新）摘要,2018-09-20,上海证券报
创金合信国证2000指数发起式证券投资基金招募说明书（更新）摘要,2018-09-20,上海证券报
创金合信国证2000指数发起式证券投资基金招募说明书（更新）摘要,2018-09-20,上海证券报
创金合信MSCI中国A股国际指数发起式证券投资基金招募说明书（更新）摘要,2018-09-20,上海证券报
创金合信MSCI中国A股国际指数发起式证券投资基金招募说明书（更新）摘要,2018-09-20,上海证券报
创金合信基金管理有限公司关于以通讯方式召开创金合信睿合定期开放混合型证券投资基金基金份额持有人大会的公告,2018-09-21,上海证券报
创金合信恒利超短债债券型证券投资基金2018年国庆节假期前暂停申购、转换转入和定期定额投资业务的公告,2018-09-21,上海证券报
创金合信尊隆纯债债券型证券投资基金招募说明书（更新）摘要,2018-09-21,上海证券报
创金合信基金管理有限公司关于创金合信恒利超短债债券型证券投资基金增加招商证券为代销机构的公告,2018-09-22,上海证券报
创金合信基金管理有限公司关于以通讯方式召开创金合信睿合定期开放混合型证券投资基金基金份额持有人大会的第一次提示性公告,2018-09-25,上海证券报
创金合信基金管理有限公司关于以通讯方式召开创金合信睿合定期开放混合型证券投资基金基金份额持有人大会的第二次提示性公告,2018-09-26,上海证券报
创金合信尊盛纯债债券型证券投资基金招募说明书（更新）摘要,2018-10-09,上海证券报
创金合信尊丰纯债债券型证券投资基金暂停大额申购业务的公告,2018-10-11,上海证券报
创金合信汇利纯债三年期定期开放债券型证券投资基金招募说明书,2018-10-12,上海证券报
创金合信汇利纯债三年期定期开放债券型证券投资基金基金合同内容摘要,2018-10-12,上海证券报
创金合信汇利纯债三年期定期开放债券型证券投资基金基金份额发售公告,2018-10-12,上海证券报
创金合信汇利纯债三年期定期开放债券型证券投资基金基金合同内容摘要,2018-10-12,上海证券报
创金合信汇利纯债三年期定期开放债券型证券投资基金基金份额发售公告,2018-10-12,上海证券报
创金合信汇利纯债三年期定期开放债券型证券投资基金招募说明书,2018-10-12,上海证券报
创金合信汇利纯债三年期定期开放债券型证券投资基金招募说明书,2018-10-12,上海证券报
创金合信尊丰纯债债券型证券投资基金基金经理变更公告,2018-10-12,上海证券报
创金合信尊丰纯债债券型证券投资基金招募说明书（更新）摘要,2018-10-16,上海证券报
创金合信尊丰纯债债券型证券投资基金分红公告,2018-10-16,上海证券报
创金合信MSCI中国A股国际指数发起式证券投资基金,2018-10-25,上海证券报
创金合信工业周期精选股票型发起式证券投资基金,2018-10-25,上海证券报
创金合信春来回报一年期定期开放混合型发起式证券投资基金,2018-10-25,上海证券报
创金合信国证1000指数发起式证券投资基金,2018-10-25,上海证券报
创金合信聚利债券型证券投资基金,2018-10-25,上海证券报
创金合信国证2000指数发起式证券投资基金,2018-10-25,上海证券报
创金合信优价成长股票型发起式证券投资基金,2018-10-25,上海证券报
创金合信中证红利低波动指数发起式证券投资基金,2018-10-25,上海证券报
创金合信资源主题精选股票型发起式证券投资基金,2018-10-25,上海证券报
创金合信尊丰纯债债券型证券投资基金,2018-10-25,上海证券报
创金合信尊隆纯债债券型证券投资基金,2018-10-25,上海证券报
创金合信尊盛纯债债券型证券投资基金,2018-10-25,上海证券报
创金合信睿合定期开放混合型证券投资基金,2018-10-25,上海证券报
创金合信基金管理有限公司关于旗下部分开放式 基金增加泉州银行股份有限公司为代销机构的公告,2018-10-26,上海证券报
创金合信睿合定期开放混合型证券投资基金招募说明书（更新）摘要,2018-10-26,上海证券报
创金合信基金管理有限公司关于旗下部分开放式基金增加植信基金为代销机构的公告,2018-10-26,上海证券报
创金合信基金管理有限公司关于旗下部分开放式基金增加中银国际证券为代销机构的公告,2018-11-13,上海证券报
创金合信基金管理有限公司关于创金合信恒利超短债债券型证券投资基金增加交通银行为代销机构的公告,2018-11-19,上海证券报
创金合信中证红利低波动指数发起式证券投资基金招募说明书（更新）摘要,2018-12-07,上海证券报
创金合信基金管理有限公司关于旗下部分开放式基金增加腾安基金为代销机构的公告,2018-12-07,上海证券报
创金合信尊盛纯债债券型证券投资基金分红公告,2018-12-13,上海证券报
创金合信资源主题精选股票型发起式证券投资基金招募说明书（更新）摘要,2018-12-14,上海证券报
创金合信资源主题精选股票型发起式证券投资基金招募说明书（更新）摘要,2018-12-14,上海证券报
创金合信优价成长股票型发起式证券投资基金招募说明书（更新）摘要,2018-12-14,上海证券报
“上车”的时候到了——访创金合信基金经理曹春林,2018-12-16,上海证券报
“上车”的时候到了——访创金合信基金经理曹春林,2018-12-17,上海证券报
创金合信基金管理有限公司关于旗下部分开放式基金增加微众银行为代销机构的公告,2018-12-20,上海证券报
创金合信睿合定期开放混合型证券投资基金清算报告,2018-12-21,上海证券报
第一创业证券股份有限公司关于控股子公司创金合信基金管理有限公司变更股权获中国证监会批复的公告,2018-12-25,上海证券报
创金合信工业周期精选股票型发起式证券投资基金招募说明书（更新）摘要,2018-12-28,上海证券报
创金合信聚利债券型证券投资基金招募说明书（更新）摘要,2018-12-28,上海证券报
创金合信恒利超短债债券型证券投资基金调整大额申购、大额转换转入业务金额限制的公告,2019-01-04,上海证券报
创金合信基金管理有限公司关于创金合信汇利纯债三年期定期开放债券型证券投资基金基金合同不能生效的公告,2019-01-16,上海证券报
创金合信鑫日享短债债券型证券投资基金基金合同生效公告,2019-01-18,上海证券报
创金合信尊盈纯债债券型证券投资基金,2019-01-19,上海证券报
创金合信尊享纯债债券型证券投资基金,2019-01-19,上海证券报
创金合信优价成长股票型发起式证券投资基金,2019-01-19,上海证券报
创金合信中证1000指数增强型发起式证券投资基金,2019-01-19,上海证券报
创金合信中证红利低波动指数发起式证券投资基金,2019-01-19,上海证券报
创金合信货币市场基金,2019-01-19,上海证券报
创金合信医疗保健行业股票型证券投资基金,2019-01-19,上海证券报
创金合信量化核心混合型证券投资基金,2019-01-19,上海证券报
创金合信汇益纯债一年定期开放债券型证券投资基金,2019-01-19,上海证券报
创金合信国证1000指数发起式证券投资基金,2019-01-19,上海证券报
创金合信国证A股指数发起式证券投资基金,2019-01-19,上海证券报
创金合信基金管理有限公司关于创金合信中证1000指数增强型 发起式证券投资基金增加华泰证券为代销机构的公告暨参加华泰 证券费率优惠活动的公告,2019-01-22,上海证券报
创金合信货币市场基金2019年春节假期前两个工作日暂停申购、转换转入及定期定额投资业务的公告,2019-01-29,上海证券报
创金合信基金管理有限公司关于旗下部分开放式基金增加中投证券为代销机构,2019-01-30,上海证券报
创金合信汇益纯债一年定期开放债券型证券投资基金招募说明书（更新）摘要,2019-02-01,上海证券报
创金合信国证A股指数发起式证券投资基金招募说明书（更新）摘要,2019-02-01,上海证券报
创金合信国证A股指数发起式证券投资基金招募说明书（更新）摘要,2019-02-01,上海证券报
创金合信中证1000指数增强型发起式证券投资基金招募说明书（更新）摘要,2019-02-01,上海证券报
创金合信中证1000指数增强型发起式证券投资基金招募说明书（更新）摘要,2019-02-01,上海证券报
创金合信汇益纯债一年定期开放债券型证券投资基金分红公告,2019-02-13,上海证券报
创金合信基金郑振源：债市收益率下行趋势不改短债产品仍将吸睛,2019-02-17,上海证券报
创金合信基金郑振源：债市收益率下行趋势不改短债产品仍将吸睛,2019-02-18,上海证券报
创金合信尊盈纯债债券型证券投资基金招募说明书（更新）摘要,2019-02-20,上海证券报
创金合信鑫日享短债债券型证券投资基金基金经理变更公告,2019-02-20,上海证券报
创金合信基金管理有限公司关于公司旗下部分基金估值调整情况的公告,2019-02-26,上海证券报
创金合信鑫日享短债债券型证券投资基金开放日常申购、赎回、转换及定期定额投资业务的公告,2019-02-27,上海证券报
创金合信基金管理有限公司关于创金合信货币市场基金增加华创证券为代销机构的公告,2019-02-28,上海证券报
创金合信基金管理有限公司关于旗下部分开放式基金增加恒泰证券为代销机构的公告,2019-03-20,上海证券报
创金合信国证1000指数发起式证券投资基金招募说明书（更新）摘要,2019-03-22,上海证券报
创金合信基金管理有限公司关于旗下开放式基金 参与中投证券费率优惠活动的公告,2019-03-28,上海证券报
创金合信货币市场基金调整大额申购、大额转换转入业务的公告,2019-03-29,上海证券报
创金合信医疗保健行业股票型证券投资基金,2019-03-29,上海证券报
创金合信医疗保健行业股票型证券投资基金2018年年度报告摘要,2019-03-29,上海证券报
创金合信中证1000指数增强型发起式证券投资基金,2019-03-29,上海证券报
创金合信中证红利低波动指数发起式证券投资基金,2019-03-29,上海证券报
创金合信优价成长股票型发起式证券投资基金,2019-03-29,上海证券报
创金合信国证1000指数发起式证券投资基金,2019-03-29,上海证券报
创金合信国证A股指数发起式证券投资基金,2019-03-29,上海证券报
创金合信尊享纯债债券型证券投资基金,2019-03-29,上海证券报
创金合信尊盈纯债债券型证券投资基金,2019-03-29,上海证券报
创金合信汇益纯债一年定期开放债券型证券投资基金,2019-03-29,上海证券报
创金合信货币市场基金,2019-03-29,上海证券报
创金合信量化核心混合型证券投资基金,2019-03-29,上海证券报
创金合信货币市场基金2019年清明节假期前两个工作日暂停申购、转换转入及定期定额投资业务的公告,2019-04-01,上海证券报
创金合信基金管理有限公司关于公司旗下部分基金估值调整情况的公告,2019-04-04,上海证券报
创金合信基金管理有限公司关于公司旗下部分基金估值调整情况的公告,2019-04-08,上海证券报
创金合信基金管理有限公司关于旗下部分开放式基金增加第一创业为代销机构的公告,2019-04-10,上海证券报
创金合信货币市场基金调整大额申购、大额转换转入业务的公告,2019-04-10,上海证券报
创金合信基金管理有限公司关于公司旗下部分基金估值调整情况的公告,2019-04-12,上海证券报
创金合信基金皮劲松：看好创新和消费升级投资机会,2019-04-14,上海证券报
创金合信基金张荣：转债市场后续表现仍然乐观,2019-04-14,上海证券报
创金合信基金皮劲松：看好创新和消费升级投资机会,2019-04-15,上海证券报
创金合信基金张荣：转债市场后续表现仍然乐观,2019-04-15,上海证券报
创金合信基金管理有限公司关于旗下部分开放式基金增加华夏财富为代销机构的公告,2019-04-16,上海证券报
创金合信中证红利低波动指数发起式证券投资基金,2019-04-22,上海证券报
创金合信国证A股指数发起式证券投资基金,2019-04-22,上海证券报
创金合信优价成长股票型发起式证券投资基金,2019-04-22,上海证券报
创金合信国证1000指数发起式证券投资基金,2019-04-22,上海证券报
创金合信量化核心混合型证券投资基金,2019-04-22,上海证券报
创金合信尊享纯债债券型证券投资基金,2019-04-22,上海证券报
创金合信中证1000指数增强型发起式证券投资基金,2019-04-22,上海证券报
创金合信尊盈纯债债券型证券投资基金,2019-04-22,上海证券报
创金合信鑫日享短债债券型证券投资基金,2019-04-22,上海证券报
创金合信货币市场基金,2019-04-22,上海证券报
创金合信医疗保健行业股票型证券投资基金,2019-04-22,上海证券报
创金合信汇益纯债一年定期开放债券型证券投资基金,2019-04-22,上海证券报
创金合信尊享纯债债券型证券投资基金招募说明书（更新）摘要,2019-04-24,上海证券报
创金合信货币市场基金2019年劳动节假期前两个工作日暂停申购、 转换转入及定期定额投资业务的公告,2019-04-26,上海证券报
关于创金合信基金管理有限公司注册资本及股权变更的公告,2019-05-06,上海证券报
第一创业证券股份有限公司关于控股子公司创金合信完成工商变更登记的公告,2019-05-06,上海证券报
创金合信货币市场基金调整大额申购、大额转换转入业务的公告,2019-05-08,上海证券报
创金合信量化核心混合型证券投资基金招募说明书（更新）摘要,2019-05-10,上海证券报
创金合信量化核心混合型证券投资基金招募说明书（更新）摘要,2019-05-10,上海证券报
创金合信基金管理有限公司关于旗下部分开放式基金增加招商证券为代销机构的公告,2019-05-10,上海证券报
创金合信汇益纯债一年定期开放债券型证券投资基金基金经理变更公告,2019-05-22,上海证券报
创金合信货币市场基金调整大额申购、大额转换转入业务的公告,2019-06-04,上海证券报
创金合信货币市场基金调整大额申购、大额转换转入业务的公告,2019-06-05,上海证券报
创金合信货币市场基金招募说明书（更新）摘要,2019-06-05,上海证券报
创金合信货币市场基金招募说明书（更新）摘要,2019-06-05,上海证券报
创金合信基金管理有限公司关于旗下部分开放式基金增加招商银行为代销机构的公告,2019-06-06,上海证券报
创金合信中证红利低波动指数发起式证券投资基金招募说明书（更新）摘要,2019-06-06,上海证券报
创金合信中证红利低波动指数发起式证券投资基金招募说明书（更新）摘要,2019-06-06,上海证券报
创金合信基金管理有限公司关于旗下部分开放式基金增加汇林保大为代销机构的公告,2019-06-12,上海证券报
关于终止为创金合信鼎鑫睿选定期开放混合型证券投资基金（LOF）提供证券交易所市场登记服务的公告,2019-06-13,上海证券报
创金合信基金管理有限公司高级管理人员变更公告,2019-06-13,上海证券报
创金合信医疗保健行业股票型证券投资基金招募说明书（更新）摘要,2019-06-13,上海证券报
创金合信优价成长股票型发起式证券投资基金招募说明书（更新）摘要,2019-06-14,上海证券报
创金合信优价成长股票型发起式证券投资基金招募说明书（更新）摘要,2019-06-14,上海证券报
创金合信QDII资格获批公募“出海”热情高涨,2019-06-18,上海证券报
创金合信基金管理有限公司关于旗下部分基金可投资于科创板股票的公告,2019-06-21,上海证券报
创金合信基金董梁：科创板开板 量化基金迎来投资新机遇,2019-06-23,上海证券报
创金合信汇益纯债一年定期开放债券型证券投资基金开放申购、赎回及转换业务的公告,2019-06-24,上海证券报
创金合信基金董梁：科创板开板 量化基金迎来投资新机遇,2019-06-24,上海证券报
创金合信基金管理有限公司关于旗下部分开放式基金增加代销机构的公告,2019-06-26,上海证券报
创金合信基金管理有限公司关于旗下部分基金估值调整情况的公告,2019-06-26,上海证券报
第一创业证券股份有限公司关于控股子公司创金合信基金管理有限公司取得合格境内机构投资者（QDII）资格的公告,2019-06-27,上海证券报
创金合信基金管理有限公司关于旗下部分开放式基金增加恒泰证券为代销机构的公告,2019-07-04,上海证券报
创金合信基金管理有限公司关于旗下部分基金估值调整情况的公告,2019-07-05,上海证券报
创金合信量化核心混合型证券投资基金基金经理变更公告,2019-07-06,上海证券报
创金合信基金管理有限公司关于旗下部分开放式基金增加新浪仓石基金为代销机构的公告,2019-07-06,上海证券报
创金合信泰盈双季红6个月定期开放债券型证券投资基金招募说明书,2019-07-08,上海证券报
创金合信泰盈双季红6个月定期开放债券型证券投资基金基金份额发售公告,2019-07-08,上海证券报
创金合信泰盈双季红6个月定期开放债券型证券投资基金基金合同内容摘要,2019-07-08,上海证券报
创金合信泰盈双季红6个月定期开放债券型证券投资基金基金份额发售公告,2019-07-08,上海证券报
创金合信泰盈双季红6个月定期开放债券型证券投资基金基金合同内容摘要,2019-07-08,上海证券报
创金合信泰盈双季红6个月定期开放债券型证券投资基金招募说明书,2019-07-08,上海证券报
创金合信泰盈双季红6个月定期开放债券型证券投资基金招募说明书,2019-07-08,上海证券报
创金合信基金管理有限公司关于旗下部分开放式基金在移动直销平台开展费率优惠的公告,2019-07-12,上海证券报
创金合信基金管理有限公司关于旗下部分开放式基金增加大连网金基金为代销机构的公告,2019-07-16,上海证券报
创金合信国证1000指数发起式证券投资基金,2019-07-18,上海证券报
创金合信中证红利低波动指数发起式证券投资基金,2019-07-18,上海证券报
创金合信中证1000指数增强型发起式证券投资基金,2019-07-18,上海证券报
创金合信优价成长股票型发起式证券投资基金,2019-07-18,上海证券报
创金合信尊享纯债债券型证券投资基金,2019-07-18,上海证券报
创金合信医疗保健行业股票型证券投资基金,2019-07-18,上海证券报
创金合信国证A股指数发起式证券投资基金,2019-07-18,上海证券报
创金合信尊盈纯债债券型证券投资基金,2019-07-18,上海证券报
创金合信货币市场基金,2019-07-18,上海证券报
创金合信汇益纯债一年定期开放债券型证券投资基金,2019-07-18,上海证券报
创金合信鑫日享短债债券型证券投资基金,2019-07-18,上海证券报
创金合信量化核心混合型证券投资基金,2019-07-18,上海证券报
创金合信基金管理有限公司关于旗下部分开放式基金参与中泰证券费率优惠活动的公告,2019-07-18,上海证券报
创金合信基金管理有限公司关于旗下部分开放式基金增加浙商证券为代销机构暨参加浙商证券费率优惠活动的公告,2019-07-22,上海证券报
创金合信基金五周年：创业路上蹄疾步稳 合伙机制驱动前行,2019-08-04,上海证券报
创金合信中证1000指数增强型发起式证券投资基金招募说明书（更新）摘要,2019-08-05,上海证券报
创金合信中证1000指数增强型发起式证券投资基金招募说明书（更新）摘要,2019-08-05,上海证券报
创金合信基金五周年：创业路上蹄疾步稳 合伙机制驱动前行,2019-08-05,上海证券报
创金合信基金管理有限公司关于旗下部分开放式基金增加广州证券为代销机构的公告,2019-08-07,上海证券报
创金合信基金管理有限公司关于旗下部分开放式基金增加民商基金销售(上海)有限公司为代销机构,2019-08-08,上海证券报
创金合信中证红利低波动指数发起式证券投资基金暂停大额申购、大额转换转入业务的公告,2019-08-09,上海证券报
创金合信国证A股指数发起式证券投资基金招募说明书（更新）摘要,2019-08-09,上海证券报
创金合信国证A股指数发起式证券投资基金招募说明书（更新）摘要,2019-08-09,上海证券报
创金合信汇益纯债一年定期开放债券型证券投资基金招募说明书（更新）摘要,2019-08-09,上海证券报
创金合信基金管理有限公司关于创金合信医疗保健行业股票型证券投资基金增加招商银行为代销机构的公告,2019-08-13,上海证券报
创金合信基金管理有限公司关于旗下部分开放式基金增加联储证券为代销机构的公告,2019-08-14,上海证券报
创金合信汇益纯债一年定期开放债券型证券投资基金分红公告,2019-08-15,上海证券报
创金合信基金管理有限公司关于创金合信货币市场基金增设基金份额并修改基金合同的公告,2019-08-15,上海证券报
创金合信基金管理有限公司关于旗下部分开放式基金增加招商证券为代销机构的公告,2019-08-16,上海证券报
创金合信尊盈纯债债券型证券投资基金基金经理变更公告,2019-08-17,上海证券报
创金合信尊盈纯债债券型证券投资基金招募说明书（更新）摘要,2019-08-20,上海证券报
创金合信基金管理有限公司关于旗下部分开放式基金增加百度百盈为代销机构的公告,2019-08-21,上海证券报
创金合信基金管理有限公司关于调整创金合信货币市场基金A类在直销柜台申购金额下限的公告,2019-08-22,上海证券报
创金合信基金管理有限公司关于旗下部分开放式基金增加光大证券为 代销机构的公告,2019-08-24,上海证券报
创金合信国证1000指数发起式证券投资基金 ■,2019-08-27,上海证券报
创金合信国证A股指数发起式证券投资基金 ■,2019-08-27,上海证券报
创金合信汇益纯债一年定期开放债券型证券投资基金 ■,2019-08-27,上海证券报
创金合信货币市场基金 ■,2019-08-27,上海证券报
创金合信量化核心混合型证券投资基金 ■,2019-08-27,上海证券报
创金合信医疗保健行业股票型证券投资基金 ■,2019-08-27,上海证券报
创金合信优价成长股票型发起式证券投资基金 ■,2019-08-27,上海证券报
创金合信中证红利低波动指数发起式证券投资基金 ■,2019-08-27,上海证券报
创金合信尊享纯债债券型证券投资基金 ■,2019-08-27,上海证券报
创金合信尊盈纯债债券型证券投资基金 ■,2019-08-27,上海证券报
创金合信鑫日享短债债券型证券投资基金 ■,2019-08-27,上海证券报
创金合信中证1000指数增强型发起式证券投资基金 ■,2019-08-27,上海证券报
创金合信基金管理有限公司 关于创金合信货币市场基金C类份额增加招商银行为 代销机构的公告,2019-08-27,上海证券报
创金合信基金管理有限公司关于旗下部分开放式基金 增加国信证券为代销机构的公告,2019-08-27,上海证券报
创金合信鑫日享短债债券型证券投资基金招募说明书（更新）摘要,2019-08-30,上海证券报
创金合信鑫日享短债债券型证券投资基金招募说明书（更新）摘要,2019-08-30,上海证券报
创金合信基金管理有限公司关于旗下部分开放式基金增加东方财富证券为代销机构的公告,2019-09-04,上海证券报
创金合信基金管理有限公司关于创金合信鑫日享短债债券型证券投资基金增加唐鼎耀华为代销机构的公告,2019-09-09,上海证券报
创金合信量化核心混合型证券投资基金暂停大额申购、大额转换转入业务的公告,2019-09-20,上海证券报
创金合信国证1000指数发起式证券投资基金招募说明书（更新）摘要,2019-09-20,上海证券报
创金合信国证1000指数发起式证券投资基金招募说明书（更新）摘要,2019-09-20,上海证券报
创金合信尊隆纯债债券型证券投资基金招募说明书（更新）摘要,2019-09-23,上海证券报
创金合信鑫日享短债债券型证券投资基金调整大额申购、大额转换转入业务金额限制的公告,2019-09-24,上海证券报
创金合信基金管理有限公司关于旗下部分开放式基金增加中信建投证券为代销机构的公告,2019-09-25,上海证券报
创金合信货币市场基金调整大额申购、大额转换转入业务的公告,2019-09-25,上海证券报
创金合信基金管理有限公司关于旗下部分开放式基金增加中信证券为代销机构的公告,2019-09-26,上海证券报
创金合信货币市场基金调整大额申购、大额转换转入业务的公告,2019-09-27,上海证券报
创金合信恒兴中短债债券型证券投资基金暂停大额申购、大额转换转入业务金额限制的公告,2019-10-16,上海证券报
创金合信泰盈双季红6个月定期开放债券型证券投资基金基金合同生效公告,2019-10-18,上海证券报
关于创金合信优价成长股票型发起式证券投资基金可能触发基金合同终止情形的第一次提示性公告,2019-10-22,上海证券报
创金合信基金管理有限公司旗下部分基金2019年第三季度报告提示性公告,2019-10-23,上海证券报
关于创金合信优价成长股票型发起式证券投资基金 可能触发基金合同终止情形的第二次提示性公告,2019-10-29,上海证券报
关于创金合信优价成长股票型发起式证券投资基金基金合同终止及基金财产清算的公告,2019-11-04,上海证券报
创金合信汇益纯债一年定期开放债券型证券投资基金分红公告,2019-11-12,上海证券报
创金合信基金管理有限公司关于旗下部分开放式基金增加中信建投证券为代销机构的公告,2019-11-13,上海证券报
创金合信基金管理有限公司关于旗下部分开放式基金增加中证金牛为代销机构暨参加中证金牛费率优惠活动的公告,2019-11-15,上海证券报
创金合信基金管理有限公司关于旗下部分开放式基金增加中信期货、中信证券（山东）为代销机构的公告,2019-11-16,上海证券报
创金合信基金管理有限公司关于创金合信尊盈纯债债券型证券投资基金解除天天基金代销的公告,2019-11-22,上海证券报
创金合信基金管理有限公司旗下部分开放式证券投资基金增加京东金融为代销机构的公告,2019-11-27,上海证券报
创金合信基金管理有限公司关于旗下电子直销交易平台实施费率优惠的公告,2019-11-30,上海证券报
创金合信基金管理有限公司关于旗下部分基金估值调整情况的公告,2019-12-06,上海证券报
创金合信基金管理有限公司关于旗下部分开放式基金增加兴业银行为代销机构的公告,2019-12-10,上海证券报
创金合信基金管理有限公司关于旗下部分开放式基金增加中信期货、中信证券、中信证券（山东）为代销机构的公告,2019-12-13,上海证券报
创金合信基金管理有限公司关于创金合信货币市场基金C类份额增加新兰德为代销机构并调整创金合信货币市场基金A类份额申购金额下限的公告,2019-12-16,上海证券报
创金合信基金管理有限公司关于调整旗下基金对账单服务形式的公告,2019-12-19,上海证券报
创金合信优价成长股票型发起式证券投资基金清算报告提示性公告,2019-12-19,上海证券报
创金合信量化核心混合型证券投资基金恢复大额申购、大额转换转入业务的公告,2019-12-20,上海证券报
创金合信上证超大盘量化精选股票型发起式证券投资基金基金份额发售公告,2019-12-21,上海证券报
创金合信上证超大盘量化精选股票型发起式证券投资基金基金合同及招募说明书提示性公告,2019-12-21,上海证券报
招商、创金合信率先申报公募MOM,2019-12-26,上海证券报
