创金合信基金公司成立,2014-07-22,中国证券报
创金合信基金管理有限公司成立公告,2014-07-22,中国证券报
创金合信沪港深研究精选灵活配置混合型证券投资基金招募说明书,2015-07-20,中国证券报
创金合信基金管理有限公司创金合信沪港深研究精选灵活配置混合型证券投资基金基金合同内容摘要,2015-07-20,中国证券报
创金合信沪港深研究精选灵活配置混合型证券投资基金基金份额发售公告,2015-07-20,中国证券报
创金合信基金管理有限公司关于《创金合信沪港深研究精选灵活配置混合型证券投资基金招募说明书》的更正公告,2015-07-21,中国证券报
创金合信沪港深研究精选灵活配置混合型证券投资基金延长募集期的公告,2015-08-12,中国证券报
创金合信基金管理有限公司关于参加天天基金网费率优惠的公告,2015-08-25,中国证券报
关于创金合信基金管理有限公司旗下基金参与天天基金费率优惠活动的公告,2015-09-02,中国证券报
关于增加中投证券及国信证券为创金合信沪港深研究精选灵活配置混合型证券投资基金代销机构的公告,2015-10-12,中国证券报
关于创金合信沪港深研究精选灵活配置混合型证券投资基金参与代销机构费率优惠活动的公告,2015-10-15,中国证券报
创金合信基金管理有限公司关于增加上海陆金所资产管理有限公司为旗下基金代销机构并参与其费率优惠活动的公告,2015-10-29,中国证券报
创金合信聚财保本6日发行,2015-11-04,中国证券报
创金合信基金管理有限公司关于增加浙江同花顺基金销售有限公司为旗下基金代销机构并参与其费率优惠活动的公告,2015-11-25,中国证券报
创金合信基金管理有限公司关于旗下基金增加定期定额投资业务代销机构的公告,2015-12-02,中国证券报
创金合信基金管理有限公司关于增加兴业银行股份有限公司为旗下基金代销机构并参与其费率优惠活动的公告,2015-12-09,中国证券报
创金合信基金程志田：明年2月市场或全面补涨,2015-12-23,中国证券报
创金合信尊盈纯债债券型证券投资基金招募说明书,2015-12-31,中国证券报
创金合信尊盈纯债债券型证券投资基金基金份额发售公告,2015-12-31,中国证券报
创金合信基金管理有限公司创金合信尊盈纯债债券型证券投资基金基金合同摘要,2015-12-31,中国证券报
关于指数熔断机制实施后对创金合信基金管理有限公司旗下公募基金业务规则影响的公告,2015-12-31,中国证券报
创金合信基金管理有限公司关于创金合信尊盈纯债债券型证券投资基金提前结束募集的公    告,2016-01-06,中国证券报
创金合信尊盈纯债债券型证券投资基金基金合同生效公告,2016-01-08,中国证券报
创金合信沪港深研究精选灵活配置混合型证券投资基金,2016-01-20,中国证券报
创金合信尊盈纯债债券型证券投资基金开放日常申购、赎回和定期定额投资业务公告,2016-01-23,中国证券报
创金合信基金管理有限公司关于增加华夏银行股份有限公司为旗下基金代销机构并参与其费率优惠活动的公告,2016-01-27,中国证券报
创金合信尊利纯债债券型证券投资基金招募说明书,2016-02-19,中国证券报
创金合信尊利纯债债券型证券投资基金基金份额发售公告,2016-02-19,中国证券报
创金合信基金管理有限公司创金合信尊利纯债债券型证券投资基金基金合同摘要,2016-02-19,中国证券报
创金合信基金管理有限公司,2016-02-19,中国证券报
创金合信尊利纯债债券型证券投资基金基金合同生效公告,2016-02-27,中国证券报
创金合信尊盈纯债债券型证券投资基金暂停大额申购公告,2016-03-17,中国证券报
创金合信尊盈纯债债券型证券投资基金暂停(大额)申购（转换转入、赎回、转换转出、定期定额投资）公告,2016-03-22,中国证券报
创金合信基金管理有限公司关于旗下基金增加定期定额投资业务代销机构的公告,2016-03-23,中国证券报
创金合信沪港深研究精选灵活配置混合型证券投资基金,2016-03-26,中国证券报
创金合信基金管理有限公司关于旗下部分基金增加代销机构的公告,2016-03-30,中国证券报
创金合信沪港深研究精选灵活配置混合型证券投资基金招募说明书（更新）摘要,2016-04-07,中国证券报
创金合信基金管理有限公司关于旗下部分基金增加代销机构的公告,2016-04-13,中国证券报
创金合信鑫安保本今起发行,2016-04-15,中国证券报
创金合信基金：加大配置新经济方向行业,2016-04-15,中国证券报
创金合信沪港深研究精选灵活配置混合型证券投资基金,2016-04-22,中国证券报
创金合信尊盈纯债债券型证券投资基金,2016-04-22,中国证券报
创金合信沪港深研究精选灵活配置混合型证券投资基金,2016-04-22,中国证券报
创金合信尊盈纯债债券型证券投资基金,2016-04-22,中国证券报
创金合信尊利纯债债券型证券投资基金开放日常申购、赎回和定期定额投资业务公告,2016-05-14,中国证券报
创金合信尊利纯债债券型证券投资基金暂停大额申购业务的公告,2016-05-21,中国证券报
创金合信基金管理有限公司关于旗下部分基金增加代销机构的公告,2016-06-02,中国证券报
创金合信基金管理有限公司关于旗下基金开展微信直销平台认购费率优惠活动的公告,2016-06-24,中国证券报
创金合信基金管理有限公司关于旗下部分基金估值方法变更的提示性公告,2016-07-08,中国证券报
创金合信沪港深研究精选灵活配置混合型证券投资基金,2016-07-20,中国证券报
创金合信尊利纯债债券型证券投资基金,2016-07-20,中国证券报
创金合信尊利纯债债券型证券投资基金,2016-07-20,中国证券报
创金合信沪港深研究精选灵活配置混合型证券投资基金,2016-07-20,中国证券报
创金合信尊盈纯债债券型证券投资基金,2016-07-20,中国证券报
创金合信尊盈纯债债券型证券投资基金,2016-07-20,中国证券报
创金合信尊盈纯债债券型证券投资基金分红公告,2016-07-27,中国证券报
创金合信基金管理有限公司关于旗下部分基金增加代销机构的公告,2016-07-28,中国证券报
创金合信基金管理有限公司关于调整旗下部分开放式基金申购金额下限及最低持有金额下限的公告,2016-08-10,中国证券报
创金合信鑫回报灵活配置混合型证券投资基金招募说明书,2016-08-13,中国证券报
创金合信鑫回报灵活配置混合型证券投资基金基金份额发售公告,2016-08-13,中国证券报
创金合信鑫回报灵活配置混合型证券投资基金基金合同摘要,2016-08-13,中国证券报
创金合信基金关于调整官方微信平台认购及申购费率的公告,2016-08-17,中国证券报
创金合信鑫回报灵活配置混合型证券投资基金基金合同生效公告,2016-08-23,中国证券报
创金合信量化发现灵活配置混合型证券投资基金招募说明书,2016-08-24,中国证券报
创金合信量化发现灵活配置混合型证券投资基金基金合同摘要,2016-08-24,中国证券报
创金合信量化发现灵活配置混合型证券投资基金基金份额发售公告,2016-08-24,中国证券报
创金合信基金管理有限公司旗下部分开放式证券投资基金增加诺亚财富为代销机构的公告,2016-08-24,中国证券报
创金合信鑫回报灵活配置混合型证券投资基金开放日常申购,2016-08-25,中国证券报
创金合信基金管理有限公司旗下部分开放式证券投资基金增加京东金融为代销机构的公告,2016-08-26,中国证券报
创金合信基金关于针对旗下创金合信量化发现灵活配置混合型证券投资基金调整直销柜台认购费率的公告,2016-08-27,中国证券报
创金合信沪港深研究精选灵活配置混合型证券投资基金,2016-08-27,中国证券报
创金合信尊利纯债债券型证券投资基金,2016-08-27,中国证券报
创金合信尊盈纯债债券型证券投资基金,2016-08-27,中国证券报
创金合信基金管理有限公司旗下部分开放式证券投资基金增加招商证券为代销机构的公告,2016-08-30,中国证券报
创金合信基金关于针对旗下部分开放式证券投资基金调整直销柜台申购金额的公告,2016-09-06,中国证券报
创金合信鑫回报灵活配置混合型证券投资基金基金经理变更公告,2016-09-06,中国证券报
创金合信鑫回报灵活配置混合型证券投资基金恢复大额申购公告,2016-09-10,中国证券报
创金合信基金管理有限公司旗下部分开放式证券投资基金增加中银国际证券为代销机构的公告,2016-09-13,中国证券报
创金合信鑫回报灵活配置混合型证券投资基金恢复大额申购公告,2016-09-14,中国证券报
创金合信尊利纯债债券型证券投资基金分红公告,2016-09-24,中国证券报
创金合信尊利纯债债券型证券投资基金恢复大额申购业务公告,2016-09-27,中国证券报
创金合信量化发现灵活配置混合型证券投资基金基金合同生效公告,2016-09-28,中国证券报
创金合信鑫回报灵活配置混合型证券投资基金暂停大额申购公告,2016-10-13,中国证券报
创金合信基金管理有限公司旗下部分开放式证券投资基金增加大智慧财富为代销机构的公告,2016-10-18,中国证券报
创金合信基金管理有限公司旗下部分开放式证券投资基金增加上海基煜基金销售有限公司为代销机构的公告,2016-10-20,中国证券报
创金合信沪港深研究精选灵活配置混合型证券投资基金,2016-10-24,中国证券报
创金合信尊利纯债债券型证券投资基金,2016-10-24,中国证券报
创金合信沪港深研究精选灵活配置混合型证券投资基金,2016-10-24,中国证券报
创金合信尊利纯债债券型证券投资基金,2016-10-24,中国证券报
创金合信尊盈纯债债券型证券投资基金,2016-10-24,中国证券报
创金合信尊盈纯债债券型证券投资基金,2016-10-24,中国证券报
创金合信基金管理有限公司旗下部分开放式证券投资基金增加金融界为代销机构的公告,2016-11-01,中国证券报
创金合信基金管理有限公司关于旗下部分基金增加代销机构的公告,2016-11-03,中国证券报
创金合信尊盈纯债债券型证券投资基金分红公告,2016-11-11,中国证券报
创金合信鑫收益灵活配置混合型证券投资基金招募说明书,2016-11-12,中国证券报
创金合信鑫收益灵活配置混合型证券投资基金基金合同摘要,2016-11-12,中国证券报
创金合信鑫收益灵活配置混合型证券投资基金份额发售公告,2016-11-12,中国证券报
创金合信基金管理有限公司关于旗下基金增加华润银行为代销及定期定额投资业务机构的公告,2016-11-19,中国证券报
创金合信尊利纯债债券型证券投资基金分红公告,2016-11-23,中国证券报
创金合信基金关于针对旗下部分开放式证券投资基金调整直销柜台申购金额的公告,2016-11-24,中国证券报
创金合信基金管理有限公司关于提请投资者及时更新过期身份证件或身份证明文件的公告,2016-11-25,中国证券报
创金合信基金管理有限公司关于养老金账户通过直销柜台申购、转换转入旗下部分基金产品费率优惠的公告,2016-11-26,中国证券报
创金合信基金管理有限公司关于旗下部分基金增加招商银行为代销机构及定期定额投资业务代销机构的公告,2016-12-07,中国证券报
创金合信基金关于针对旗下部分开放式证券投资基金调整直销柜台申购费率的公告,2016-12-08,中国证券报
创金合信鑫收益灵活配置混合型证券投资基金提前结束募集的公告,2016-12-13,中国证券报
创金合信基金管理有限公司关于直销柜台专用传真号变更的公告,2016-12-15,中国证券报
关于创金合信量化发现灵活配置混合型证券,2016-12-16,中国证券报
创金合信国企活力混合型证券投资基金招募说明书,2016-12-17,中国证券报
创金合信国企活力混合型证券投资基金基金合同摘要,2016-12-17,中国证券报
创金合信国企活力混合型证券投资基金基金份额发售公告,2016-12-17,中国证券报
创金合信基金管理有限公司,2016-12-17,中国证券报
创金合信鑫收益灵活配置混合型证券投资基金基金合同生效公告,2016-12-20,中国证券报
创金合信鑫收益灵活配置混合型证券投资基金基金经理变更公告,2016-12-21,中国证券报
创金合信鑫收益灵活配置混合型证券投资基金基金经理变更公告,2016-12-21,中国证券报
创金合信国企活力发行,2016-12-23,中国证券报
创金合信基金管理有限公司旗下部分开放式证券投资基金增加和讯为代销机构的公告,2016-12-23,中国证券报
创金合信基金管理有限公司关于旗下部分开放式证券投资基金增加永鑫保险为代销机构的公告,2016-12-28,中国证券报
创金合信基金管理有限公司关于调整旗下部分开放式证券投资基金申购及赎回金额的公告,2017-01-04,中国证券报
创金合信鑫收益灵活配置混合型证券投资基金开放日常申购、赎回、定期定额投资业务的公告,2017-01-07,中国证券报
创金合信基金管理有限公司关于旗下部分开放式证券投资基金开展费率优惠活动的公告,2017-01-11,中国证券报
创金合信基金管理有限公司关于调整旗下部分开放式基金申购和赎回份额额度及最低持有份额额度的公告,2017-01-17,中国证券报
创金合信量化发现灵活配置混合型证券投资基金,2017-01-23,中国证券报
创金合信沪港深研究精选灵活配置混合型证券投资基金,2017-01-23,中国证券报
创金合信量化发现灵活配置混合型证券投资基金,2017-01-23,中国证券报
创金合信沪港深研究精选灵活配置混合型证券投资基金,2017-01-23,中国证券报
创金合信尊利纯债债券型证券投资基金,2017-01-23,中国证券报
创金合信鑫回报灵活配置混合型证券投资基金,2017-01-23,中国证券报
创金合信鑫回报灵活配置混合型证券投资基金,2017-01-23,中国证券报
创金合信尊利纯债债券型证券投资基金,2017-01-23,中国证券报
创金合信尊盈纯债债券型证券投资基金,2017-01-23,中国证券报
创金合信尊盈纯债债券型证券投资基金,2017-01-23,中国证券报
创金合信基金管理有限公司关于参与招行摩羯智投申购的交易费率优惠活动的公告,2017-01-24,中国证券报
创金合信沪港深研究精选灵活配置混合型证券投资基金暂停大额申购业务的公告,2017-01-26,中国证券报
创金合信基金管理有限公司旗下部分开放式证券投资基金增加平安证券为代销机构的公告,2017-02-08,中国证券报
创金合信基金管理有限公司旗下部分开放式证券投资基金增加平安证券为代销机构的公告,2017-02-09,中国证券报
创金合信沪港深研究精选灵活配置混合型证券投资基金暂停大额申购业务的公告,2017-02-10,中国证券报
创金合信尊隆纯债债券型证券投资基金基金合同生效公告,2017-02-11,中国证券报
创金合信基金管理有限公司关于旗下部分基金增加代销机构的公告,2017-02-16,中国证券报
创金合信沪港深研究精选灵活配置混合型证券投资基金暂停大额申购业务的公告,2017-02-18,中国证券报
创金合信量化核心发行,2017-02-21,中国证券报
创金合信沪港深研究精选灵活配置混合型证券投资基金关于增加微众银行为代销机构的公告,2017-02-21,中国证券报
创金合信基金管理有限公司关于直销柜台申购费率优惠政策调整的公告,2017-02-22,中国证券报
创金合信尊盈纯债债券型证券投资基金招募说明书（更新）摘要,2017-02-22,中国证券报
创金合信基金程志田：低估值大盘股凸显配置价值,2017-02-24,中国证券报
创金合信沪港深研究精选灵活配置混合型证券投资基金暂停大额申购业务的公告,2017-02-25,中国证券报
创金合信基金管理有限公司关于旗下创金合信国企活力混合型证券投资基金参与第一创业证券的费率优惠活动的公告,2017-03-01,中国证券报
创金合信基金管理有限公司关于旗下创金合信沪港深研究精选灵活配置混合型证券投资基金参与招商证券的费率优惠活动的公告,2017-03-02,中国证券报
创金合信基金管理有限公司旗下部分开放式证券投资基金增加上海基煜为代销机构的公告,2017-03-16,中国证券报
创金合信基金管理有限公司关于旗下部分开放式证券投资基金增加汇成基金为代销机构的公告,2017-03-24,中国证券报
创金合信沪港深研究精选灵活配置混合型证券投资基金,2017-03-27,中国证券报
创金合信沪港深研究精选灵活配置混合型证券投资基金,2017-03-27,中国证券报
创金合信量化发现灵活配置混合型证券投资基金,2017-03-27,中国证券报
创金合信量化发现灵活配置混合型证券投资基金,2017-03-27,中国证券报
创金合信鑫回报灵活配置混合型证券投资基金,2017-03-27,中国证券报
创金合信鑫回报灵活配置混合型证券投资基金,2017-03-27,中国证券报
创金合信尊利纯债债券型证券投资基金,2017-03-27,中国证券报
创金合信尊利纯债债券型证券投资基金,2017-03-27,中国证券报
创金合信尊盈纯债债券型证券投资基金,2017-03-27,中国证券报
创金合信尊盈纯债债券型证券投资基金,2017-03-27,中国证券报
创金合信鑫回报灵活配置混合型证券投资基金招募说明书（更新）摘要,2017-04-08,中国证券报
创金合信沪港深研究精选灵活配置混合型证券投资基金招募说明书（更新）摘要,2017-04-10,中国证券报
创金合信尊利纯债债券型证券投资基金招募说明书（更新）摘要,2017-04-12,中国证券报
创金合信鼎鑫睿选定期开放混合型证券投资基金（LOF）开展场外认购费率优惠活动的公告,2017-04-15,中国证券报
创金合信基金管理有限公司关于公司旗下部分基金估值调整情况的公告,2017-04-20,中国证券报
创金合信国企活力混合型证券投资基金,2017-04-21,中国证券报
创金合信沪港深研究精选灵活配置混合型证券投资基金,2017-04-21,中国证券报
创金合信量化发现灵活配置混合型证券投资基金,2017-04-21,中国证券报
创金合信鑫回报灵活配置混合型证券投资基金,2017-04-21,中国证券报
创金合信尊利纯债债券型证券投资基金,2017-04-21,中国证券报
创金合信尊盈纯债债券型证券投资基金,2017-04-21,中国证券报
创金合信鑫收益灵活配置混合型证券投资基金,2017-04-21,中国证券报
创金合信基金管理有限公司关于公司旗下部分基金估值调整情况的公告,2017-04-25,中国证券报
创金合信基金管理有限公司旗下部分开放式证券投资基金增加安信证券为代销机构的公告,2017-04-26,中国证券报
创金合信鼎鑫睿选定期开放混合型证券投资基金（LOF）关于增加招商银行为代销机构的公告,2017-04-27,中国证券报
创金合信鼎鑫睿选定期开放混合型证券投,2017-05-06,中国证券报
创金合信量化发现灵活配置混合型证券投资基金招募说明书（更新）摘要,2017-05-10,中国证券报
创金合信基金管理有限公司关于创金合信鼎鑫睿选定期开放混合型证券投资基金（LOF）延长募集期的公告,2017-05-11,中国证券报
创金合信鼎鑫睿选定期开放混合型证券投资基金（LOF）关于增加海通证券为代销机构的公告,2017-05-18,中国证券报
创金合信基金管理有限公司旗下部分开放式证券投资基金增加东莞证券股份有限公司为代销机构的公告,2017-05-24,中国证券报
创金合信基金管理有限公司关于旗下部分开放式基金参加中银国际证券申购费率优惠活动的公告,2017-06-01,中国证券报
创金合信基金管理有限公司关于旗下部分开放式证,2017-06-05,中国证券报
创金合信基金管理有限公司关于创金合信鼎鑫睿选定期开放混合型证券投资基金（LOF）延长募集期的公告,2017-06-13,中国证券报
创金合信基金管理有限公司关于开通旗下部分开放式基金转换业务的公告,2017-06-13,中国证券报
创金合信鼎鑫睿选定期开放混合型证券投资基金（LOF）关于增加长城证券为代销机构暨参加长城证券费率优惠活动的公告,2017-06-14,中国证券报
创金合信尊盛纯债债券型证券投资基金分红公告,2017-06-21,中国证券报
创金合信基金管理有限公司关于旗下部分基金及其代销机构一览表的公告,2017-06-23,中国证券报
创金合信基金管理有限公司,2017-06-23,中国证券报
创金合信基金管理有限公司关于旗下部分开放式基金增加代销机构暨参加代销机构费率优惠活动的公告,2017-06-28,中国证券报
创金合信基金管理有限公司关于公司旗下部分基金估值调整情况的公告,2017-07-04,中国证券报
关于创金合信基金管理有限公司旗下部分开放式基金开通在代销机构转换业务的公告,2017-07-04,中国证券报
创金合信鼎鑫睿选定期开放混合型证券投资基金(LOF)基金合同生效公告,2017-07-08,中国证券报
关于创金合信基金管理有限公司旗下部分开放式基金开通在微信直销平台转换业务的公告,2017-07-10,中国证券报
创金合信鼎鑫睿选定期开放混合型证券投资基金（LOF）基金经理变更公告,2017-07-11,中国证券报
关于创金合信沪港深研究精选灵活配置混合型证券投资基金增加港股投资风险提示并修改基金合同的公告,2017-07-13,中国证券报
创金合信基金管理有限公司关于旗下部分开放式基金增加凯石财富为代销机构的公告,2017-07-14,中国证券报
创金合信沪港深研究精选灵活配置混合型证券投资基金,2017-07-19,中国证券报
创金合信尊盈纯债债券型证券投资基金,2017-07-19,中国证券报
创金合信尊利纯债债券型证券投资基金,2017-07-19,中国证券报
创金合信鑫回报灵活配置混合型证券投资基金,2017-07-19,中国证券报
创金合信鑫收益灵活配置混合型证券投资基金,2017-07-19,中国证券报
创金合信国企活力混合型证券投资基金,2017-07-19,中国证券报
 创金合信尊利纯债债券型证券投资基金基金经理变更公告,2017-07-20,中国证券报
创金合信基金管理有限公司关于召开创金合信尊利纯债债券i型证券投资基金基金份额持有人大会审议终止基金合同的公告,2017-07-24,中国证券报
创金合信基金管理有限公司关于召开创金合信尊利纯债债券型证券投资基金基金份额持有人大会审议终止基金合同的,2017-07-25,中国证券报
创金合信基金管理有限公司关于召开创金合信尊利纯债债券型证券投资基金基金份额持有人大会审议终止基金合同的第二次提示性公告,2017-07-26,中国证券报
创金合信基金管理有限公司关于旗下部分开放式基金增加凤凰金融为代销机构的公告,2017-08-01,中国证券报
创金合信鑫收益灵活配置混合型证券投资基金招募说明书（更新）摘要,2017-08-02,中国证券报
创金合信基金管理有限公司关于旗下部分开放式基金增加平安银行为代销机构的公告,2017-08-09,中国证券报
创金合信基金管理有限公司关于旗下部分开放式基金增加挖财基金为代销机构的公告,2017-08-14,中国证券报
创金合信基金管理有限公司关于旗下证券,2017-08-15,中国证券报
创金合信沪港深研究精选灵活配置混合型证券投资基金恢复大额申购业务的公告,2017-08-16,中国证券报
创金合信尊盈纯债债券型证券投资基金招募说明书（更新）摘要,2017-08-18,中国证券报
创金合信优选回报灵活配置混合型证券投资基金招募说明书,2017-08-22,中国证券报
创金合信优选回报灵活配置混合型证券投资基金基金份额发售公告,2017-08-22,中国证券报
创金合信优选回报灵活配置混合型证券投资基金基金合同摘要,2017-08-22,中国证券报
创金合信基金管理有限公司关于旗下创金合信优选回报灵活配置混合型基金增加安信证券为代销机构的公告,2017-08-24,中国证券报
创金合信优选回报今起发行,2017-08-25,中国证券报
创金合信基金管理有限公司关于旗下创金合信优选回报灵活配置混合型基金增加唐鼎耀华为代销机构的公告,2017-08-25,中国证券报
创金合信国企活力混合型证券投资基金,2017-08-25,中国证券报
创金合信国企活力混合型证券投资基金,2017-08-25,中国证券报
创金合信沪港深研究精选灵活配置混合型证券投资基金,2017-08-25,中国证券报
创金合信沪港深研究精选灵活配置混合型证券投资基金,2017-08-25,中国证券报
创金合信量化发现灵活配置混合型证券投资基金,2017-08-25,中国证券报
创金合信量化发现灵活配置混合型证券投资基金,2017-08-25,中国证券报
创金合信鑫回报灵活配置混合型证券投资基金,2017-08-25,中国证券报
创金合信鑫回报灵活配置混合型证券投资基金,2017-08-25,中国证券报
创金合信鑫收益灵活配置混合型证券投资基金,2017-08-25,中国证券报
创金合信鑫收益灵活配置混合型证券投资基金,2017-08-25,中国证券报
创金合信尊利纯债债券型证券投资基金,2017-08-25,中国证券报
创金合信尊利纯债债券型证券投资基金,2017-08-25,中国证券报
创金合信尊盈纯债债券型证券投资基金,2017-08-25,中国证券报
创金合信尊盈纯债债券型证券投资基金,2017-08-25,中国证券报
创金合信尊利纯债债券型证券投资基金基金份额持有人大会表决结果暨决议生效公告,2017-08-26,中国证券报
创金合信基金管理有限公司关于旗下部分开放式基金增加万家财富为代销机构的公告,2017-08-28,中国证券报
创金合信基金管理有限公司关于旗下部分开放式基金增加大智慧为代销机构的公告,2017-08-29,中国证券报
创金合信国企活力混合型证券投资基金招募说明书（更新）摘要,2017-09-05,中国证券报
创金合信基金管理有限公司关于创金合信优选回报,2017-09-07,中国证券报
创金合信基金管理有限公司关于旗下部分开放式基金增加中泰证券为代销机构暨参加中泰证券费率优惠活动的公告,2017-09-08,中国证券报
创金合信基金管理有限公司关于旗下部分开放式基金增加招商银行为代销机构的公告,2017-09-11,中国证券报
创金合信基金管理有限公司关于旗下部分开放式基金增加太平洋证券为代销机构的公告,2017-09-12,中国证券报
创金合信鼎鑫睿选定期开放混合型证券投资基金（LOF）上市交易公告书,2017-09-13,中国证券报
创金合信基金管理有限公司关于创金合信鼎鑫睿选定期开放混合型证券投资基金（LOF）开通跨系统转托管业务的公告,2017-09-14,中国证券报
创金合信鼎鑫睿选定期开放混合型证券投资基金（LOF）上市交易提示性公告,2017-09-18,中国证券报
创金合信基金管理有限公司关于旗下创金合信鼎鑫睿选定期开放混合型证券投资基金（LOF）调整最低持有份额的公告,2017-09-22,中国证券报
创金合信优选回报灵活配置混合型证券投资基金基金合同生效公告,2017-09-28,中国证券报
创金合信沪港深研究精选灵活配置混合型证券投资基金招募说明书（更新）摘要,2017-09-29,中国证券报
创金合信鑫回报灵活配置混合型证券投资基金招募说明书（更新）摘要,2017-09-29,中国证券报
创金合信尊利纯债债券型证券投资基金招募说明书（更新）摘要,2017-09-29,中国证券报
创金合信尊盛纯债债券型证券投资基金招募说明书（更新）摘要,2017-09-29,中国证券报
创金合信基金管理有限公司关于旗下部分开放式基金增加世纪证券为代销机构的公告,2017-10-13,中国证券报
创金合信基金管理有限公司关于旗下部分开放式基金增加包商银行为代销机构的公告,2017-10-19,中国证券报
关于创金合信沪深300指数增强型发起式证券投资,2017-10-24,中国证券报
创金合信基金管理有限公司关于公司旗下部分基金估值调整情况的公告,2017-11-03,中国证券报
创金合信尊利纯债债券型证券投资基金清算报告,2017-11-07,中国证券报
创金合信量化发现灵活配置混合型证券投资基金招募说明书（更新）摘要,2017-11-10,中国证券报
创金合信基金管理有限公司关于公司旗下部分基金估值调整情况的公告,2017-11-28,中国证券报
创金合信国证A股指基正在发行,2017-12-07,中国证券报
创金合信基金管理有限公司关于旗下部分开放式基金增加代销机构的公告,2017-12-08,中国证券报
创金合信沪港深研究精选灵活配置混合型证券投资基金基金经理变更公告,2017-12-13,中国证券报
创金合信沪港深研究精选灵活配置混合型证券投资基金基金经理变更公告,2017-12-14,中国证券报
创金合信基金管理有限公司关于旗下部分开放式基金增加代销机构的公告,2017-12-20,中国证券报
创金合信基金管理有限公司关于旗下部分开放式基金增加代销机构的公告,2017-12-22,中国证券报
创金合信国证A股指数发起式证券投资基金基金合同生效公告,2017-12-29,中国证券报
创金合信基金管理有限公司关于增值税对资产管理产品影响告投资者通知书,2017-12-30,中国证券报
创金合信MSCI中国A股国际指数基金获批待发,2018-01-05,中国证券报
创金合信MSCI中国A股国际指数发起式证券投资基金招募说明书,2018-01-06,中国证券报
创金合信MSCI中国A股国际指数发起式证券投资基金基金份额发售公告,2018-01-06,中国证券报
创金合信MSCI中国A股国际指数发起式证券投资基金基金合同内容摘要,2018-01-06,中国证券报
创金合信基金关于创金合信MSCI中国A股国际指数发起式证券投资基金增加部分代销机构的公告,2018-01-09,中国证券报
创金合信基金管理有限公司关于旗下部分开放式基金增加代销机构的公告,2018-01-10,中国证券报
创金合信基金管理有限公司关于旗下部分开放式基金增加代销机构的公告,2018-01-15,中国证券报
创金合信基金管理有限公司关于旗下部分开放式基金增加华泰证券为代销机构暨参加华泰证券费率优惠活动的公告,2018-01-17,中国证券报
创金合信基金管理有限公司关于创金合信睿合定期开放混合型证券投资基金增加国泰君安证券为代销机构的公告,2018-01-19,中国证券报
创金合信鼎鑫睿选定期开放混合型证券投资基金（LOF）,2018-01-19,中国证券报
创金合信鼎鑫睿选定期开放混合型证券投资基金（LOF）,2018-01-19,中国证券报
创金合信鼎鑫睿选定期开放混合型证券投资基金（LOF）,2018-01-19,中国证券报
创金合信鼎鑫睿选定期开放混合型证券投资基金（LOF）,2018-01-19,中国证券报
创金合信国企活力混合型证券投资基金,2018-01-19,中国证券报
创金合信国企活力混合型证券投资基金,2018-01-19,中国证券报
创金合信沪港深研究精选灵活配置混合型证券投资基金,2018-01-19,中国证券报
创金合信沪港深研究精选灵活配置混合型证券投资基金,2018-01-19,中国证券报
创金合信量化发现灵活配置混合型证券投资基金,2018-01-19,中国证券报
创金合信量化发现灵活配置混合型证券投资基金,2018-01-19,中国证券报
创金合信鑫回报灵活配置混合型证券投资基金,2018-01-19,中国证券报
创金合信鑫回报灵活配置混合型证券投资基金,2018-01-19,中国证券报
创金合信鑫收益灵活配置混合型证券投资基金,2018-01-19,中国证券报
创金合信鑫收益灵活配置混合型证券投资基金,2018-01-19,中国证券报
创金合信优选回报灵活配置混合型证券投资基金,2018-01-19,中国证券报
创金合信优选回报灵活配置混合型证券投资基金,2018-01-19,中国证券报
创金合信尊盈纯债债券型证券投资基金,2018-01-19,中国证券报
创金合信基金陈龙：纳入MSCI将为A股上涨提供新动能,2018-01-24,中国证券报
创金合信基金管理有限公司关于创金合信MSCI中国A股国际指数发起式证券投资基金增加中投证券为代销机构的公告,2018-01-24,中国证券报
创金合信基金管理有限公司关于旗下部分开放式基金增加苏宁金融为代销机构的公告,2018-01-29,中国证券报
创金合信鑫收益灵活配置混合型证券投资基金招募说明书（更新）摘要,2018-02-01,中国证券报
创金合信国证A股指数发起式证券投资基金开放日常申购、赎回、转换和定期定额投资业务的公告,2018-02-01,中国证券报
创金合信基金管理有限公司关于公司旗下部分基金估值调整情况的公告,2018-02-02,中国证券报
创金合信MSCI中国A股国际指数发起式证券投资基金基金合同生效公告,2018-02-08,中国证券报
创金合信基金管理有限公司关于公司旗下部分基金估值调整情况的公告,2018-02-10,中国证券报
创金合信鼎鑫睿选定期开放混合型证券投资基金（LOF）招募说明书（更新）摘要,2018-02-14,中国证券报
创金合信尊盈纯债债券型证券投资基金招募说明书（更新）摘要,2018-02-14,中国证券报
创金合信基金管理有限公司关于公司旗下部分基金估值调整情况的公告,2018-02-22,中国证券报
创金合信基金管理有限公司关于公司旗下部分基金估值调整情况的公告,2018-03-01,中国证券报
创金合信MSCI中国A股国际指数发起式证券投资基金开放日常申购、赎回、转换和定期定额投资业务的公告,2018-03-02,中国证券报
创金合信基金管理有限公司关于公司旗下部分基金估值调整情况的公告,2018-03-02,中国证券报
创金合信基金管理有限公司关于旗下部分开放式基金增加平安银行为代销机构的公告,2018-03-05,中国证券报
创金合信国企活力混合型证券投资基金招募说明书（更新）摘要,2018-03-08,中国证券报
创金合信基金管理有限公司关于旗下部分开放式基金增加代销机构的公告,2018-03-16,中国证券报
创金合信基金管理有限公司关于创金合信鼎鑫睿选定期开放混合型证券投资基金（LOF）修订基金合同、托管协议部分条款的公告,2018-03-28,中国证券报
创金合信尊盈纯债债券型证券投资基金,2018-03-31,中国证券报
创金合信尊盈纯债债券型证券投资基金,2018-03-31,中国证券报
创金合信鼎鑫睿选定期开放混合型证券投资基金（LOF）,2018-03-31,中国证券报
创金合信鼎鑫睿选定期开放混合型证券投资基金（LOF）,2018-03-31,中国证券报
创金合信国企活力混合型证券投资基金,2018-03-31,中国证券报
创金合信国企活力混合型证券投资基金,2018-03-31,中国证券报
创金合信沪港深研究精选灵活配置混合型证券投资基金,2018-03-31,中国证券报
创金合信沪港深研究精选灵活配置混合型证券投资基金,2018-03-31,中国证券报
创金合信量化发现灵活配置混合型证券投资基金,2018-03-31,中国证券报
创金合信量化发现灵活配置混合型证券投资基金,2018-03-31,中国证券报
创金合信鑫回报灵活配置混合型证券投资基金,2018-03-31,中国证券报
创金合信鑫回报灵活配置混合型证券投资基金,2018-03-31,中国证券报
创金合信鑫收益灵活配置混合型证券投资基金,2018-03-31,中国证券报
创金合信鑫收益灵活配置混合型证券投资基金,2018-03-31,中国证券报
创金合信优选回报灵活配置混合型证券投资基金,2018-03-31,中国证券报
创金合信优选回报灵活配置混合型证券投资基金,2018-03-31,中国证券报
 创金合信基金管理有限公司关于旗下部分开放式基金参加第一创业证券费率优惠活动的公告,2018-04-02,中国证券报
创金合信中证红利低波动指数发起式证券投资基金招募说明书,2018-04-04,中国证券报
创金合信中证红利低波动指数发起式证券投资基金基金份额发售公告,2018-04-04,中国证券报
创金合信中证红利低波动指数发起式证券投资基金基金合同内容摘要,2018-04-04,中国证券报
创金合信基金管理有限公司,2018-04-04,中国证券报
创金合信鑫回报灵活配置混合型证券投资基金招募说明书（更新）摘要,2018-04-04,中国证券报
创金合信沪港深研究精选灵活配置混合型证券投资基金招募说明书（更新）摘要,2018-04-09,中国证券报
创金合信鑫收益灵活配置混合型证券投资基金基金经理变更公告,2018-04-10,中国证券报
创金合信基金管理有限公司关于创金合信MSCI中国A股国际指数发起式证券投资基金增加部分代销机构的公告,2018-04-11,中国证券报
创金合信基金管理有限公司关于创金合信,2018-04-17,中国证券报
创金合信鼎鑫睿选定期开放混合型证券投资基金（LOF）,2018-04-19,中国证券报
创金合信鼎鑫睿选定期开放混合型证券投资基金（LOF）,2018-04-19,中国证券报
创金合信国证A股指数发起式证券投资基金,2018-04-19,中国证券报
创金合信国证A股指数发起式证券投资基金,2018-04-19,中国证券报
创金合信优选回报灵活配置混合型证券投资基金,2018-04-19,中国证券报
创金合信优选回报灵活配置混合型证券投资基金,2018-04-19,中国证券报
创金合信国企活力混合型证券投资基金,2018-04-19,中国证券报
创金合信国企活力混合型证券投资基金,2018-04-19,中国证券报
创金合信沪港深研究精选灵活配置混合型证券投资基金,2018-04-19,中国证券报
创金合信沪港深研究精选灵活配置混合型证券投资基金,2018-04-19,中国证券报
创金合信量化发现灵活配置混合型证券投资基金,2018-04-19,中国证券报
创金合信量化发现灵活配置混合型证券投资基金,2018-04-19,中国证券报
创金合信鑫回报灵活配置混合型证券投资基金,2018-04-19,中国证券报
创金合信鑫回报灵活配置混合型证券投资基金,2018-04-19,中国证券报
创金合信鑫收益灵活配置混合型证券投资基金,2018-04-19,中国证券报
创金合信鑫收益灵活配置混合型证券投资基金,2018-04-19,中国证券报
创金合信尊盈纯债债券型证券投资基金,2018-04-19,中国证券报
创金合信尊盈纯债债券型证券投资基金,2018-04-19,中国证券报
创金合信基金管理有限公司关于旗下证券投资基金估值调整情况的公告,2018-04-20,中国证券报
创金合信中证红利低波动指数发起式证券投资基金基金合同生效公告,2018-04-27,中国证券报
创金合信基金管理有限公司关于公司旗下部分基金估值调整情况的公告,2018-04-27,中国证券报
创金合信尊盛纯债债券型证券投资基金暂停大额申购业务的公告,2018-05-03,中国证券报
创金合信新能源汽车主题股票型发起式证券投资基金基金合同生效公告,2018-05-09,中国证券报
创金合信量化发现灵活配置混合型证券投资基金招募说明书（更新）摘要,2018-05-10,中国证券报
创金合信优选回报灵活配置混合型证券投资基金招募说明书（更新）摘要,2018-05-10,中国证券报
创金合信工业周期精选股票型发起式证券投资基金招募说明书,2018-05-11,中国证券报
创金合信工业周期精选股票型发起式证券投资基金基金份额发售公告,2018-05-11,中国证券报
创金合信工业周期精选股票型发起式证券投资基金基金合同内容摘要,2018-05-11,中国证券报
创金合信新能源汽车主题股票型发起式证券投资基金开放日常申购、赎回、转换及定期定额投资业务的公告,2018-05-11,中国证券报
创金合信中证红利低波动指数发起式证券投资基金开放日常申购、赎回、转换和定期定额投资业务的公告,2018-05-15,中国证券报
创金合信基金管理有限公司关于旗下部分开放式基金增加代销机构的公告,2018-05-17,中国证券报
创金合信基金管理有限公司关于旗下开放式基金参与银河证券费率优惠活动的公告,2018-05-18,中国证券报
创金合信基金管理有限公司,2018-05-19,中国证券报
创金合信基金管理有限公司关于旗下部分开放式基金增加代销机构的公告,2018-05-21,中国证券报
创金合信工业周期精选股票型发起式证券投资基金开放日常申购、赎回、转换及定期定额投资业务的公告,2018-05-22,中国证券报
创金合信基金管理有限公司关于旗下开放式基金参与第一创业证券费率优惠活动的公告,2018-05-24,中国证券报
创金合信量化发现灵活配置混合型证券投资基金变更业绩比较基准并修改基金合同的公告,2018-06-07,中国证券报
创金合信春来回报一年期定期开放混合型发起式证券投资基金基金合同生效公告,2018-06-08,中国证券报
创金合信基金管理有限公司关于旗下证券投资基金估值调整情况的公告,2018-06-15,中国证券报
创金合信基金管理有限公司关于公司旗下部分基金估值调整情况的公告,2018-06-16,中国证券报
创金合信基金管理有限公司关于旗下证券投资基金估值调整情况的公告,2018-06-21,中国证券报
创金合信基金管理有限公司关于旗下部分开放式基金增加济安财富为代销机构的公告,2018-06-28,中国证券报
创金合信基金管理有限公司关于旗下部分开放式基金增加恒泰证券为代销机构的公告,2018-06-29,中国证券报
创金合信基金管理有限公司关于公司旗下部分基金估值调整情况的公告,2018-07-03,中国证券报
创金合信春来回报一年期定期开放混合型发起式证券投资基金基金经理变更公告,2018-07-10,中国证券报
创金合信恒利超短债发行,2018-07-16,中国证券报
创金合信基金管理有限公司,2018-07-18,中国证券报
创金合信MSCI中国A股国际指数发起式证券投资基金,2018-07-20,中国证券报
创金合信鼎鑫睿选定期开放混合型证券投资基金（LOF）,2018-07-20,中国证券报
创金合信国企活力混合型证券投资基金,2018-07-20,中国证券报
创金合信国证A股指数发起式证券投资基金,2018-07-20,中国证券报
创金合信沪港深研究精选灵活配置混合型证券投资基金,2018-07-20,中国证券报
创金合信量化发现灵活配置混合型证券投资基金,2018-07-20,中国证券报
创金合信鑫回报灵活配置混合型证券投资基金,2018-07-20,中国证券报
创金合信鑫收益灵活配置混合型证券投资基金,2018-07-20,中国证券报
创金合信优选回报灵活配置混合型证券投资基金,2018-07-20,中国证券报
创金合信中证红利低波动指数发起式证券投资基金,2018-07-20,中国证券报
创金合信尊盈纯债债券型证券投资基金,2018-07-20,中国证券报
创金合信基金管理有限公司关于旗下部分开放式基金增加恒泰证券为代销机构的公告,2018-08-01,中国证券报
创金合信鑫收益灵活配置混合型证券投资基金招募说明书（更新）摘要,2018-08-02,中国证券报
创金合信基金管理有限公司关于旗下部分开放式基金增加长量基金为代销机构的公告,2018-08-10,中国证券报
创金合信国证A股指数发起式证券投资基金招募说明书（更新）摘要,2018-08-10,中国证券报
基金管理人：创金合信基金管理有限公司,2018-08-10,中国证券报
创金合信优价成长股票型发起式证券投资基金恢复大额申购、大额转换转入业务的公告,2018-08-11,中国证券报
创金合信基金管理有限公司关于旗下部分开放式基金增加和耕传承为代销机构的公告,2018-08-17,中国证券报
创金合信鼎鑫睿选定期开放混合型证券投资基金（LOF）招募说明书（更新）摘要,2018-08-20,中国证券报
创金合信尊盈纯债债券型证券投资基金招募说明书（更新）摘要,2018-08-20,中国证券报
创金合信基金管理有限公司关于以通讯方式召开创金合信鑫回报灵活配置混合型证券投资基金基金份额持有人大会的公告,2018-08-22,中国证券报
创金合信基金管理有限公司关于以通讯方式召开创金合信鑫回报灵活配置混合型证券投资基金基金份额持有人大会的第一次提示性公告,2018-08-23,中国证券报
创金合信基金管理有限公司关于以通讯方式召开创金合信鑫回报灵活配置混合型证券投资基金基金份额持有人大会的第二次提示性公告,2018-08-24,中国证券报
创金合信MSCI中国A股国际指数发起式证券投资基金,2018-08-29,中国证券报
创金合信中证红利低波动指数发起式证券投资基金,2018-08-29,中国证券报
创金合信国企活力混合型证券投资基金,2018-08-29,中国证券报
创金合信国证A股指数发起式证券投资基金,2018-08-29,中国证券报
创金合信沪港深研究精选灵活配置混合型证券投资基金,2018-08-29,中国证券报
创金合信量化发现灵活配置混合型证券投资基金,2018-08-29,中国证券报
创金合信鑫回报灵活配置混合型证券投资基金,2018-08-29,中国证券报
创金合信鑫收益灵活配置混合型证券投资基金,2018-08-29,中国证券报
创金合信优选回报灵活配置混合型证券投资基金,2018-08-29,中国证券报
创金合信尊盈纯债债券型证券投资基金,2018-08-29,中国证券报
关于创金合信MSCI中国A股国际指数发起式证券投资基金、创金合信中证红利低波动指数发起式证券投资基金投资关联方证券的公告,2018-08-31,中国证券报
创金合信鑫回报灵活配置混合型证券投资基金基金经理变更公告,2018-09-01,中国证券报
创金合信国企活力混合型证券投资基金招募说明书（更新）摘要,2018-09-05,中国证券报
创金合信鼎鑫睿选定期开放混合型证券投资基金（LOF）基金经理变更公告,2018-09-14,中国证券报
创金合信MSCI中国A股国际指数发起式证券投资基金招募说明书（更新）摘要,2018-09-20,中国证券报
创金合信鑫回报灵活配置混合型证券投资基金暂停申购、定期定额投资业务的公告,2018-09-26,中国证券报
创金合信鑫回报灵活配置混合型证券投资基金基金,2018-09-27,中国证券报
创金合信消费主题股票型证券投资基金招募说明书,2018-09-28,中国证券报
创金合信消费主题股票型证券投资基金基金合同内容摘要,2018-09-28,中国证券报
创金合信沪港深研究精选灵活配置混合型证券投资基金招募说明书（更新）摘要,2018-09-28,中国证券报
创金合信鑫回报灵活配置混合型证券投资基金招募说明书（更新）摘要,2018-09-28,中国证券报
关于创金合信鑫回报灵活配置混合型证券投资基金转型为创金合信消费主题股票型证券投资基金的提示性公告,2018-10-09,中国证券报
创金合信消费主题股票型证券投资基金开放日常申购、赎回、转换及定期定额投资业务的公告,2018-10-13,中国证券报
创金合信尊盈纯债债券型证券投资基金分红公告,2018-10-24,中国证券报
创金合信MSCI中国A股国际指数发起式证券投资基金,2018-10-25,中国证券报
创金合信MSCI中国A股国际指数发起式证券投资基金,2018-10-25,中国证券报
创金合信春来回报一年期定期开放混合型发起式证券投资基金,2018-10-25,中国证券报
创金合信春来回报一年期定期开放混合型发起式证券投资基金,2018-10-25,中国证券报
创金合信国企活力混合型证券投资基金,2018-10-25,中国证券报
创金合信国企活力混合型证券投资基金,2018-10-25,中国证券报
创金合信鼎鑫睿选定期开放混合型证券投资基金（LOF）,2018-10-25,中国证券报
创金合信鼎鑫睿选定期开放混合型证券投资基金（LOF）,2018-10-25,中国证券报
创金合信工业周期精选股票型发起式证券投资基金,2018-10-25,中国证券报
创金合信工业周期精选股票型发起式证券投资基金,2018-10-25,中国证券报
创金合信国证A股指数发起式证券投资基金,2018-10-25,中国证券报
创金合信国证A股指数发起式证券投资基金,2018-10-25,中国证券报
创金合信沪港深研究精选灵活配置混合型证券投资基金,2018-10-25,中国证券报
创金合信沪港深研究精选灵活配置混合型证券投资基金,2018-10-25,中国证券报
创金合信量化发现灵活配置混合型证券投资基金,2018-10-25,中国证券报
创金合信量化发现灵活配置混合型证券投资基金,2018-10-25,中国证券报
创金合信新能源汽车主题股票型发起式证券投资基金,2018-10-25,中国证券报
创金合信新能源汽车主题股票型发起式证券投资基金,2018-10-25,中国证券报
创金合信鑫回报灵活配置混合型证券投资基金,2018-10-25,中国证券报
创金合信鑫回报灵活配置混合型证券投资基金,2018-10-25,中国证券报
创金合信鑫收益灵活配置混合型证券投资基金,2018-10-25,中国证券报
创金合信鑫收益灵活配置混合型证券投资基金,2018-10-25,中国证券报
创金合信优选回报灵活配置混合型证券投资基金,2018-10-25,中国证券报
创金合信优选回报灵活配置混合型证券投资基金,2018-10-25,中国证券报
创金合信中证红利低波动指数发起式证券投资基金,2018-10-25,中国证券报
创金合信中证红利低波动指数发起式证券投资基金,2018-10-25,中国证券报
创金合信尊盈纯债债券型证券投资基金,2018-10-25,中国证券报
创金合信尊盈纯债债券型证券投资基金,2018-10-25,中国证券报
创金合信基金管理有限公司关于旗下部分开放式基金增加植信基金为代销机构的公告,2018-10-26,中国证券报
创金合信基金管理有限公司关于旗下部分,2018-11-06,中国证券报
创金合信基金管理有限公司关于旗下部分开放式基金增加代销机构的公告,2018-11-08,中国证券报
创金合信量化发现灵活配置混合型证券投资基金招募说明书（更新）摘要,2018-11-09,中国证券报
创金合信优选回报灵活配置混合型证券投资基金招募说明书（更新）摘要,2018-11-09,中国证券报
基金管理人：创金合信基金管理有限公司基金托管人：中国工商银行股份有限公司,2018-11-09,中国证券报
创金合信基金管理有限公司关于旗下部分开放式基金增加中银国际证券为代销机构的公告,2018-11-13,中国证券报
创金合信尊盈纯债债券型证券投资基金分红公告,2018-11-22,中国证券报
创金合信基金管理有限公司关于旗下部分开放式基金增加阳光人寿为代销机构的公告,2018-11-29,中国证券报
创金合信中证红利低波动指数发起式证券投资基金招募说明书（更新）摘要,2018-12-07,中国证券报
创金合信新能源汽车主题股票型发起式证券投资基金招募说明书（更新）摘要,2018-12-21,中国证券报
第一创业证券股份有限公司关于控股子公司创金合信基金管理有限公司变更股权获中国证监会批复的公告,2018-12-25,中国证券报
创金合信鑫收益灵活配置混合型证券投资基金基金经理变更公告,2018-12-26,中国证券报
创金合信鑫日享短债债券型证券投资基金招募说明书,2018-12-27,中国证券报
创金合信鑫日享短债债券型证券投资基金基金份额发售公告,2018-12-27,中国证券报
创金合信鑫日享短债债券型证券投资基金基金合同内容摘要,2018-12-27,中国证券报
创金合信工业周期精选股票型发起式证券投资基金招募说明书（更新）摘要,2018-12-28,中国证券报
创金合信鑫日享短债正在发行,2019-01-03,中国证券报
创金合信鼎鑫睿选定期开放混合型证券投资基金（LOF）开放申购、赎回业务的公告,2019-01-04,中国证券报
创金合信基金管理有限公司关于创金合信鑫日享短债债券型证券投资基金增加第一创业证券为代销机构公告,2019-01-11,中国证券报
创金合信基金管理有限公司关于创金合信鑫日享短债债券型证券投资基金提前结束募集的公告,2019-01-12,中国证券报
创金合信基金管理有限公司关于创金合信鑫收益灵活配置混合型证券投资基金增设基金份额及修改基金合同的公告,2019-01-15,中国证券报
创金合信春来回报一年期定期开放混合型发起式证券投资基金招募说明书（更新）摘要,2019-01-18,中国证券报
创金合信MSCI中国A股国际指数发起式证券投资基金,2019-01-19,中国证券报
创金合信MSCI中国A股国际指数发起式证券投资基金,2019-01-19,中国证券报
创金合信金融地产精选股票型证券投资基金,2019-01-19,中国证券报
创金合信金融地产精选股票型证券投资基金,2019-01-19,中国证券报
创金合信春来回报一年期定期开放混合型发起式证券投资基金,2019-01-19,中国证券报
创金合信春来回报一年期定期开放混合型发起式证券投资基金,2019-01-19,中国证券报
创金合信恒利超短债债券型证券投资基金,2019-01-19,中国证券报
创金合信恒利超短债债券型证券投资基金,2019-01-19,中国证券报
创金合信沪港深研究精选灵活配置混合型证券投资基金,2019-01-19,中国证券报
创金合信沪港深研究精选灵活配置混合型证券投资基金,2019-01-19,中国证券报
创金合信价值红利灵活配置混合型证券投资基金,2019-01-19,中国证券报
创金合信价值红利灵活配置混合型证券投资基金,2019-01-19,中国证券报
创金合信鑫收益灵活配置混合型证券投资基金,2019-01-19,中国证券报
创金合信鑫收益灵活配置混合型证券投资基金,2019-01-19,中国证券报
创金合信优选回报灵活配置混合型证券投资基金,2019-01-19,中国证券报
创金合信优选回报灵活配置混合型证券投资基金,2019-01-19,中国证券报
创金合信中证500指数增强型发起式证券投资基金,2019-01-19,中国证券报
创金合信中证500指数增强型发起式证券投资基金,2019-01-19,中国证券报
创金合信尊隆纯债债券型证券投资基金,2019-01-19,中国证券报
创金合信尊隆纯债债券型证券投资基金,2019-01-19,中国证券报
创金合信尊盛纯债债券型证券投资基金,2019-01-19,中国证券报
创金合信尊盛纯债债券型证券投资基金,2019-01-19,中国证券报
创金合信尊泰纯债债券型证券投资基金,2019-01-19,中国证券报
创金合信尊泰纯债债券型证券投资基金,2019-01-19,中国证券报
创金合信恒利超短债债券型证券投资基金2019年春节假期前暂停申购、转换转入及定期定额投资业务的公告,2019-01-23,中国证券报
创金合信鑫收益灵活配置混合型证券投资基金基金经理变更公告,2019-01-25,中国证券报
创金合信基金陈龙：A股加仓时机来临,2019-01-30,中国证券报
创金合信基金管理有限公司关于旗下部分开放式基金增加中投证券为代销机构,2019-01-30,中国证券报
创金合信鑫收益灵活配置混合型证券投资基金招募说明书（更新）摘要,2019-02-01,中国证券报
创金合信中证500指数增强型发起式证券投资基金招募说明书（更新）摘要,2019-02-13,中国证券报
创金合信基金管理有限公司关于公司旗下部分基金估值调整情况的公告,2019-02-26,中国证券报
创金合信基金管理有限公司关于创金合信鑫收益灵活配置混合型证券投资基金增加陆金所为代销机构的公告,2019-03-02,中国证券报
创金合信基金管理有限公司关于创金合信鑫收益灵活配置混合型证券投资基金解除天天基金代销的公告,2019-03-05,中国证券报
创金合信恒利超短债债券型证券投资基金招募说明书（更新）摘要,2019-03-18,中国证券报
创金合信MSCI中国A股国际指数发起式证券投资基金招募说明书（更新）摘要,2019-03-22,中国证券报
创金合信尊隆纯债债券型证券投资基金招募说明书（更新）摘要,2019-03-26,中国证券报
创金合信基金管理有限公司关于旗下开放式基金参与中投证券费率优惠活动的公告,2019-03-28,中国证券报
创金合信金融地产精选股票型证券投资基金,2019-03-29,中国证券报
创金合信尊泰纯债债券型证券投资基金,2019-03-29,中国证券报
创金合信尊盛纯债债券型证券投资基金,2019-03-29,中国证券报
创金合信尊隆纯债债券型证券投资基金,2019-03-29,中国证券报
创金合信优选回报灵活配置混合型证券投资基金,2019-03-29,中国证券报
创金合信鑫收益灵活配置混合型证券投资基金,2019-03-29,中国证券报
创金合信价值红利灵活配置混合型证券投资基金,2019-03-29,中国证券报
创金合信沪港深研究精选灵活配置混合型证券投资基金,2019-03-29,中国证券报
创金合信恒利超短债债券型证券投资基金,2019-03-29,中国证券报
创金合信春来回报一年期定期开放混合型发起式证券投资基金,2019-03-29,中国证券报
创金合信MSCI中国A股国际指数发起式证券投资基金,2019-03-29,中国证券报
创金合信基金管理有限公司关于公司旗下部分基金估值调整情况的公告,2019-04-04,中国证券报
创金合信沪港深研究精选灵活配置混合型证券投资基金招募说明书（更新）摘要,2019-04-09,中国证券报
创金合信基金管理有限公司关于旗下部分开放式基金增加第一创业为代销机构的公告,2019-04-10,中国证券报
创金合信尊盛纯债债券型证券投资基金招募说明书（更新）摘要,2019-04-11,中国证券报
创金合信基金管理有限公司关于公司旗下部分基金估值调整情况的公告,2019-04-12,中国证券报
创金合信基金管理有限公司,2019-04-16,中国证券报
创金合信中证500指数增强型发起式证券投资基金,2019-04-22,中国证券报
创金合信尊隆纯债债券型证券投资基金,2019-04-22,中国证券报
创金合信尊盛纯债债券型证券投资基金,2019-04-22,中国证券报
创金合信MSCI中国A股国际指数发起式证券投资基金,2019-04-22,中国证券报
创金合信春来回报一年期定期开放混合型发起式证券投资基金,2019-04-22,中国证券报
创金合信恒利超短债债券型证券投资基金,2019-04-22,中国证券报
创金合信沪港深研究精选灵活配置混合型证券投资基金,2019-04-22,中国证券报
创金合信价值红利灵活配置混合型证券投资基金,2019-04-22,中国证券报
创金合信金融地产精选股票型证券投资基金,2019-04-22,中国证券报
创金合信鑫收益灵活配置混合型证券投资基金,2019-04-22,中国证券报
创金合信优选回报灵活配置混合型证券投资基金,2019-04-22,中国证券报
创金合信尊泰纯债债券型证券投资基金,2019-04-22,中国证券报
第一创业证券股份有限公司关于控股子公司创金合信完成工商变更登记的公告,2019-05-06,中国证券报
关于创金合信基金管理有限公司注册资本及股权变更的公告,2019-05-06,中国证券报
创金合信优选回报灵活配置混合型证券投资基金招募说明书（更新）摘要,2019-05-10,中国证券报
创金合信金融地产精选股票型证券投资基金招募说明书（更新）摘要,2019-05-24,中国证券报
创金合信春来回报一年期定期开放混合型发起式证券投资基金开放申购、赎回及转换业务的公告,2019-06-04,中国证券报
创金合信尊泰纯债债券型证券投资基金招募说明书（更新）摘要,2019-06-04,中国证券报
 创金合信尊盛纯债债券型证券投资基金分红公告,2019-06-05,中国证券报
创金合信价值红利灵活配置混合型证券投资基金招募说明书（更新）摘要,2019-06-06,中国证券报
创金合信基金管理有限公司关于创金合信春来回报一年期定期开放混合型发起式证券投资基金增加部分代销机构的公告,2019-06-10,中国证券报
创金合信基金管理有限公司关于旗下部分开放式基金增加汇林保大为代销机构的公告,2019-06-12,中国证券报
创金合信基金管理有限公司高级管理人员变更公告,2019-06-13,中国证券报
创金合信春来回报一年期定期开放混合型发起式证券投资基金基金经理变更公告,2019-06-14,中国证券报
创金合信基金董梁：以积极量化策略布局海外市场,2019-06-18,中国证券报
金合信基金管理有限公司关于创金合信鑫收益灵活配置混合型证券投资基金增加植信基金为代销机构的公告,2019-06-21,中国证券报
创金合信基金管理有限公司关于旗下部分开放式基金增加代销机构的公告,2019-06-26,中国证券报
创金合信基金管理有限公司关于创金合信中证500指数增强型发起式证券投资基金增加交通银行为代销机构暨参加交通银行费率优惠活动的公告,2019-06-28,中国证券报
创金合信汇泽纯债三个月定期开放债券型证券投资基金招募说明书,2019-07-02,中国证券报
创金合信汇泽纯债三个月定期开放债券型证券投资基金基金份额发售公告,2019-07-02,中国证券报
创金合信汇泽纯债三个月定期开放债券型证券投资基金基金合同内容摘要,2019-07-02,中国证券报
创金合信基金管理有限公司关于基金经理因休产假暂停履行职务的公告,2019-07-05,中国证券报
创金合信基金管理有限公司关于旗下部分基金估值调整情况的公告,2019-07-05,中国证券报
创金合信基金管理有限公司关于旗下部分开放式基金增加新浪仓石基金为代销机构的公告,2019-07-06,中国证券报
创金合信基金管理有限公司关于旗下部分开放式基金在移动直销平台开展费率优惠的公告,2019-07-12,中国证券报
创金合信基金管理有限公司关于旗下部分开放式基金增加大连网金基金为代销机构的公告,2019-07-16,中国证券报
创金合信基金管理有限公司关于旗下部分开放式基金参与中泰证券费率优惠活动的公告,2019-07-18,中国证券报
创金合信MSCI中国A股国际指数发起式证券投资基金,2019-07-18,中国证券报
创金合信春来回报一年期定期开放混合型发起式证券投资基金,2019-07-18,中国证券报
创金合信恒利超短债债券型证券投资基金,2019-07-18,中国证券报
创金合信沪港深研究精选灵活配置混合型证券投资基金,2019-07-18,中国证券报
创金合信价值红利灵活配置混合型证券投资基金,2019-07-18,中国证券报
创金合信金融地产精选股票型证券投资基金,2019-07-18,中国证券报
创金合信鑫收益灵活配置混合型证券投资基金,2019-07-18,中国证券报
创金合信优选回报灵活配置混合型证券投资基金,2019-07-18,中国证券报
创金合信中证500指数增强型发起式证券投资基金,2019-07-18,中国证券报
创金合信尊隆纯债债券型证券投资基金,2019-07-18,中国证券报
创金合信尊盛纯债债券型证券投资基金,2019-07-18,中国证券报
创金合信尊泰纯债债券型证券投资基金,2019-07-18,中国证券报
创金合信春来回报一年期定期开放混合型发起式证券投资基金招募说明书（更新）摘要,2019-07-19,中国证券报
创金合信基金管理有限公司关于旗下部分开放式基金增加浙商证券为代销机构暨参加浙商证券费率优惠活动的公告,2019-07-22,中国证券报
创金合信鑫收益灵活配置混合型证券投资基金招募说明书（更新）摘要,2019-08-02,中国证券报
创金合信基金管理有限公司关于旗下部分开放式基金增加广州证券为代销机构的公告,2019-08-07,中国证券报
创金合信基金管理有限公司关于创金合信鑫收益灵活配置混合型证券投资基金增加部分代销机构的公告,2019-08-08,中国证券报
创金合信价值红利灵活配置混合型证券投资基金暂停大额申购、大额转换转入业务的公告,2019-08-09,中国证券报
创金合信中证500指数增强型发起式证券投资基金招募说明书（更新）摘要,2019-08-13,中国证券报
创金合信基金管理有限公司关于旗下部分开放式基金增加联储证券为代销机构的公告,2019-08-14,中国证券报
创金合信基金管理有限公司关于旗下部分开放式基金增加招商证券为代销机构的公告,2019-08-16,中国证券报
创金合信基金管理有限公司关于旗下部分开放式基金增加百度百盈为代销机构的公告,2019-08-21,中国证券报
创金合信基金管理有限公司关于旗下部分开放式基金增加光大证券为代销机构的公告,2019-08-24,中国证券报
创金合信MSCI中国A股国际指数发起式证券投资基金,2019-08-27,中国证券报
创金合信春来回报一年期定期开放混合型发起式证券投资基金,2019-08-27,中国证券报
创金合信恒利超短债债券型证券投资基金,2019-08-27,中国证券报
创金合信沪港深研究精选灵活配置混合型证券投资基金,2019-08-27,中国证券报
创金合信价值红利灵活配置混合型证券投资基金,2019-08-27,中国证券报
创金合信金融地产精选股票型证券投资基金,2019-08-27,中国证券报
创金合信鑫收益灵活配置混合型证券投资基金,2019-08-27,中国证券报
创金合信优选回报灵活配置混合型证券投资基金,2019-08-27,中国证券报
创金合信尊隆纯债债券型证券投资基金,2019-08-27,中国证券报
创金合信尊盛纯债债券型证券投资基金,2019-08-27,中国证券报
创金合信尊泰纯债债券型证券投资基金,2019-08-27,中国证券报
创金合信中证500指数增强型发起式证券投资基金,2019-08-27,中国证券报
创金合信信用红利债券型证券投资基金招募说明书,2019-08-30,中国证券报
创金合信信用红利债券型证券投资基金基金份额发售公告,2019-08-30,中国证券报
创金合信信用红利债券型证券投资基金基金合同内容摘要,2019-08-30,中国证券报
创金合信基金管理有限公司关于旗下部分开放式基金增加东方财富证券为代销机构的公告,2019-09-04,中国证券报
创金合信基金管理有限公司关于创金合信汇泽纯债三个月定期开放债券型证券投资基金提前结束募集的公告,2019-09-05,中国证券报
创金合信基金管理有限公司关于创金合信信用红利债券型证券投资基金增加招商证券为代销机构的公告,2019-09-06,中国证券报
创金合信基金管理有限公司关于创金合信信用红利债券型证券投资基金增加恒泰证券为代销机构的公告,2019-09-09,中国证券报
创金合信基金管理有限公司关于创金合信信用红利债券型证券投资基金增加部分代销机构的公告,2019-09-10,中国证券报
创金合信恒利超短债债券型证券投资基金招募说明书（更新）摘要,2019-09-12,中国证券报
创金合信汇泽纯债三个月定期开放债券型证券投资基金基金合同生效公告,2019-09-16,中国证券报
创金合信基金王一兵：研究先行 捕捉中长期信用红利,2019-09-16,中国证券报
创金合信基金管理有限公司关于创金合信信用红利债券型证券投资基金延长募集期的公告,2019-09-18,中国证券报
创金合信基金管理有限公司关于创金合信信用红利债券型证券投资基金提前结束募集的公告,2019-09-20,中国证券报
创金合信MSCI中国A股国际指数发起式证券投资基金招募说明书（更新）摘要,2019-09-20,中国证券报
创金合信恒利超短债债券型证券投资基金调整大额申购、大额转换转入业务金额限制的公告,2019-09-24,中国证券报
创金合信基金管理有限公司关于旗下部分开放式基金增加中信建投证券为代销机构的公告,2019-09-25,中国证券报
创金合信基金管理有限公司关于旗下部分开放式基金增加中信证券为代销机构的公告,2019-09-26,中国证券报
创金合信沪港深研究精选灵活配置混合型证券投资基金基金经理变更公告,2019-09-26,中国证券报
创金合信恒利超短债债券型证券投资基金调整大额申购、大额转换转入业务金额限制的公告,2019-09-27,中国证券报
创金合信沪港深研究精选灵活配置混合型证券投资基金招募说明书（更新）摘要,2019-09-27,中国证券报
创金合信价值红利灵活配置混合型证券投资基金招募说明书（更新）摘要,2019-09-27,中国证券报
创金合信优选回报灵活配置混合型证券投资基金招募说明书（更新）摘要,2019-09-27,中国证券报
创金合信尊盛纯债债券型证券投资基金招募说明书（更新）摘要,2019-09-30,中国证券报
创金合信基金管理有限公司旗下部分基金2019年第三季度报告提示性公告,2019-10-23,中国证券报
创金合信基金管理有限公司关于创金合信恒利超短债债券型证券投资基金增加金元证券为代销机构的公告,2019-10-24,中国证券报
创金合信基金管理有限公司关于旗下部分开放式基金增加国信证券为代销机构的公告,2019-10-31,中国证券报
创金合信价值红利灵活配置混合型证券投资基金基金合同及招募说明书提示性公告,2019-11-02,中国证券报
创金合信MSCI中国A股国际指数发起式证券投资基金暂停大额申购、大额转换转入业务的公告,2019-11-05,中国证券报
创金合信基金管理有限公司关于旗下部分开放式基金增加中信建投证券为代销机构的公告,2019-11-13,中国证券报
创金合信基金管理有限公司关于旗下部分开放式基金增加中证金牛为代销机构暨参加中证金牛费率优惠活动的公告,2019-11-15,中国证券报
创金合信基金管理有限公司关于旗下部分开放式基金增加中信期货、中信证券（山东）为代销机构的公告,2019-11-16,中国证券报
创金合信基金管理有限公司旗下部分开放式证券投资基金增加京东金融为代销机构的公告,2019-11-27,中国证券报
创金合信基金管理有限公司关于旗下电子直销交易平台实施费率优惠的公告,2019-11-30,中国证券报
创金合信信用红利债券型证券投资基金暂停大额申购业务的公告,2019-12-03,中国证券报
创金合信基金管理有限公司关于旗下部分基金估值调整情况的公告,2019-12-06,中国证券报
创金合信汇泽纯债三个月定期开放债券型证券投资基金开放申购、赎回及转换业务的公告,2019-12-10,中国证券报
创金合信基金管理有限公司关于旗下部分开放式基金增加中信期货、中信证券、中信证券（山东）为代销机构的公告,2019-12-13,中国证券报
创金合信汇泽纯债三个月定期开放债券型证券投资基金暂停申购、转换转入业务的公告,2019-12-18,中国证券报
创金合信基金管理有限公司关于调整旗下基金对账单服务形式的公告,2019-12-19,中国证券报
创金合信汇泽纯债三个月定期开放债券型证券投资基金恢复申购、转换转入业务的公告,2019-12-21,中国证券报
