苏彦祝出掌创金合信基金 首尝股权激励甜头持股10.48%,2014-07-18,证券时报电子报
创金合信货币市场基金基金份额发售公告,2015-10-12,证券时报电子报
创金合信货币市场基金基金合同摘要,2015-10-12,证券时报电子报
创金合信货币市场基金招募说明书,2015-10-12,证券时报电子报
创金合信货币市场基金招募说明书,2015-10-12,证券时报电子报
创金合信货币市场基金招募说明书,2015-10-12,证券时报电子报
创金合信货币市场基金招募说明书,2015-10-12,证券时报电子报
创金合信货币市场基金基金份额发售公告,2015-10-12,证券时报电子报
创金合信货币市场基金基金合同摘要,2015-10-12,证券时报电子报
创金合信货币市场基金基金合同生效公告,2015-10-23,证券时报电子报
创金合信基金管理有限公司关于增加上海陆金所资产管理有限公司为旗下基金代销机构并参与其费率优惠活动的公告,2015-10-29,证券时报电子报
创金合信基金王一兵：利率下行看不到底,2015-11-04,证券时报电子报
创金合信货币市场基金收益支付公告,2015-11-14,证券时报电子报
创金合信基金管理有限公司关于增加浙江同花顺基金销售有限公司为旗下基金代销机构并参与其费率优惠活动的公告,2015-11-25,证券时报电子报
创金合信基金管理有限公司关于增加兴业银行股份有限公司为旗下基金代销机构并参与其费率优惠活动的公告,2015-12-09,证券时报电子报
创金合信货币市场基金收益支付公告,2015-12-11,证券时报电子报
创金合信货币市场基金收益支付公告,2015-12-14,证券时报电子报
创金合信量化多因子股票型证券投资基金招募说明书,2015-12-19,证券时报电子报
创金合信量化多因子股票型证券投资基金基金份额发售公告,2015-12-19,证券时报电子报
创金合信量化多因子股票型证券投资基金基金合同摘要,2015-12-19,证券时报电子报
创金合信量化多因子股票型证券投资基金招募说明书,2015-12-19,证券时报电子报
创金合信量化多因子股票型证券投资基金招募说明书,2015-12-19,证券时报电子报
创金合信量化多因子股票型证券投资基金招募说明书,2015-12-19,证券时报电子报
创金合信量化多因子股票型证券投资基金基金份额发售公告,2015-12-19,证券时报电子报
创金合信量化多因子股票型证券投资基金基金合同摘要,2015-12-19,证券时报电子报
关于增加中投证券、陆金所为创金合信量化多因子股票型证券投资基金代销机构的公告,2015-12-25,证券时报电子报
关于增加兴业银行为创金合信量化多因子股票型证券投资基金代销机构的公告,2015-12-29,证券时报电子报
创金合信基金管理有限公司关于增加海通证券股份有限公司为旗下基金代销机构并参与其费率优惠活动的公告,2016-01-14,证券时报电子报
创金合信基金管理有限公司关于创金合信量化多因子股票型证券投资基金延长募集期的公告,2016-01-19,证券时报电子报
创金合信货币市场基金2015第四季度报告,2016-01-20,证券时报电子报
创金合信基金管理有限公司公告（系列）,2016-01-23,证券时报电子报
创金合信量化多因子股票型证券投资基金基金经理变更公告,2016-01-26,证券时报电子报
创金合信基金管理有限公司关于增加华夏银行股份有限公司为旗下基金代销机构并参与其费率优惠活动的公告,2016-01-27,证券时报电子报
创金合信货币市场基金基金经理变更公告,2016-01-30,证券时报电子报
创金合信货币市场基金暂停申购公告,2016-02-03,证券时报电子报
创金合信基金管理有限公司关于旗下基金增加定期定额投资业务代销机构的公告,2016-03-10,证券时报电子报
创金合信量化多因子基金成立两个月收益率达7.2% ,2016-03-22,证券时报电子报
创金合信基金管理有限公司关于旗下基金增加定期定额投资业务代销机构的公告,2016-03-23,证券时报电子报
创金合信货币市场基金2015年度报告摘要,2016-03-26,证券时报电子报
创金合信基金管理有限公司关于参与中国工商银行股份有限公司费率优惠活动的公告,2016-03-30,证券时报电子报
创金合信基金管理有限公司关于旗下部分基金增加代销机构的公告,2016-03-30,证券时报电子报
创金合信鑫安保本混合型证券投资基金招募说明书,2016-04-12,证券时报电子报
创金合信鑫安保本混合型证券投资基金基金份额发售公告,2016-04-12,证券时报电子报
创金合信鑫安保本混合型证券投资基金基金合同摘要,2016-04-12,证券时报电子报
创金合信鑫安保本混合型证券投资基金招募说明书,2016-04-12,证券时报电子报
创金合信鑫安保本混合型证券投资基金招募说明书,2016-04-12,证券时报电子报
创金合信鑫安保本混合型证券投资基金招募说明书,2016-04-12,证券时报电子报
创金合信鑫安保本混合型证券投资基金基金份额发售公告,2016-04-12,证券时报电子报
创金合信鑫安保本混合型证券投资基金基金合同摘要,2016-04-12,证券时报电子报
创金合信基金管理有限公司关于旗下部分基金增加代销机构的公告,2016-04-13,证券时报电子报
创金合信鑫安保本基金正在发行,2016-04-19,证券时报电子报
创金合信基金管理有限公司关于旗下部分基金增加代销机构的公告,2016-04-22,证券时报电子报
创金合信量化多因子股票型证券投资基金2016第一季度报告,2016-04-22,证券时报电子报
创金合信基金管理有限公司关于旗下部分基金增加代销机构的公告,2016-04-23,证券时报电子报
创金合信鑫安保本混合型证券投资基金基金合同生效公告,2016-05-12,证券时报电子报
创金合信基金管理有限公司关于旗下部分基金增加代销机构的公告,2016-06-02,证券时报电子报
创金合信鑫安保本混合型证券投资基金开放日常申购（赎回、定期定额投资）业务公告,2016-06-07,证券时报电子报
创金合信基金管理有限公司关于旗下基金增加定期定额投资业务代销机构的公告,2016-06-14,证券时报电子报
创金合信基金管理有限公司关于旗下基金开展微信直销平台认购费率优惠活动的公告,2016-06-24,证券时报电子报
创金合信量化多因子股票型证券投资基金2016第二季度报告,2016-07-20,证券时报电子报
创金合信货币市场基金2016第二季度报告,2016-07-20,证券时报电子报
创金合信基金管理有限公司公告（系列）,2016-07-28,证券时报电子报
创金合信基金管理有限公司关于调整旗下部分开放式基金申购金额下限及最低持有金额下限的公告,2016-08-10,证券时报电子报
创金合信基金关于调整创金合信量化多因子股票型证券投资基金申购金额下限的公告,2016-08-12,证券时报电子报
创金合信基金关于调整官方微信平台认购及申购费率的公告,2016-08-17,证券时报电子报
创金合信鑫动力灵活配置混合型证券投资基金招募说明书,2016-08-19,证券时报电子报
创金合信鑫动力灵活配置混合型证券投资基金基金份额发售公告,2016-08-19,证券时报电子报
创金合信鑫动力灵活配置混合型证券投资基金基金合同摘要,2016-08-19,证券时报电子报
创金合信鑫动力灵活配置混合型证券投资基金招募说明书,2016-08-19,证券时报电子报
创金合信鑫动力灵活配置混合型证券投资基金招募说明书,2016-08-19,证券时报电子报
创金合信鑫动力灵活配置混合型证券投资基金招募说明书,2016-08-19,证券时报电子报
创金合信鑫动力灵活配置混合型证券投资基金基金份额发售公告,2016-08-19,证券时报电子报
创金合信鑫动力灵活配置混合型证券投资基金基金合同摘要,2016-08-19,证券时报电子报
创金合信基金管理有限公司关于创金合信鑫动力灵活配置混合型证券投资基金提前结束募集的公告,2016-08-24,证券时报电子报
创金合信基金管理有限公司旗下部分开放式证券投资基金增加诺亚财富为代销机构的公告,2016-08-24,证券时报电子报
创金合信基金管理有限公司旗下部分开放式证券投资基金增加京东金融为代销机构的公告,2016-08-26,证券时报电子报
创金合信量化多因子股票型证券投资基金招募说明书（更新）摘要,2016-08-30,证券时报电子报
创金合信鑫动力灵活配置混合型证券投资基金基金合同生效公告,2016-08-31,证券时报电子报
创金合信基金管理有限公司公告（系列）,2016-09-06,证券时报电子报
创金合信鑫动力灵活配置混合型证券投资基金基金经理变更公告,2016-09-07,证券时报电子报
创金合信基金管理有限公司关于旗下基金增加定期定额投资业务代销机构的公告,2016-09-13,证券时报电子报
创金合信货币市场基金中秋节前暂停申购公告,2016-09-13,证券时报电子报
创金合信鑫动力灵活配置混合型证券投资基金基金经理变更公告,2016-09-21,证券时报电子报
创金合信基金管理有限公司公告（系列）,2016-09-23,证券时报电子报
创金合信基金管理有限公司旗下部分开放式证券投资基金增加大智慧财富为代销机构的公告,2016-10-18,证券时报电子报
创金合信基金管理有限公司旗下部分开放式证券投资基金增加上海基煜基金销售有限公司为代销机构的公告,2016-10-20,证券时报电子报
创金合信基金管理有限公司旗下部分开放式证券投资基金增加代销机构的公告,2016-10-20,证券时报电子报
创金合信货币市场基金2016第三季度报告,2016-10-24,证券时报电子报
创金合信鑫安保本混合型证券投资基金2016第三季度报告,2016-10-24,证券时报电子报
创金合信量化多因子股票型证券投资基金2016第三季度报告,2016-10-24,证券时报电子报
创金合信基金管理有限公司旗下部分开放式证券投资基金增加金融界为代销机构的公告,2016-11-01,证券时报电子报
创金合信基金管理有限公司关于旗下部分基金增加代销机构的公告,2016-11-03,证券时报电子报
创金合信鑫动力灵活配置混合型证券投资基金开放日常申购、赎回业务的公告,2016-11-22,证券时报电子报
创金合信基金关于针对旗下部分开放式证券投资基金调整直销柜台申购金额的公告,2016-11-24,证券时报电子报
创金合信基金管理有限公司关于提请投资者及时更新过期身份证件或身份证明文件的公告,2016-11-25,证券时报电子报
创金合信基金管理有限公司关于养老金账户通过直销柜台申购、转换转入旗下部分基金产品费率优惠的公告,2016-11-26,证券时报电子报
创金合信中证1000指数增强型发起式证券投资基金招募说明书,2016-12-02,证券时报电子报
创金合信中证1000指数增强型发起式证券投资基金基金份额发售公告,2016-12-02,证券时报电子报
创金合信中证1000指数增强型发起式证券投资基金基金合同摘要,2016-12-02,证券时报电子报
创金合信中证1000指数增强型发起式证券投资基金招募说明书,2016-12-02,证券时报电子报
创金合信中证1000指数增强型发起式证券投资基金招募说明书,2016-12-02,证券时报电子报
创金合信中证1000指数增强型发起式证券投资基金招募说明书,2016-12-02,证券时报电子报
创金合信中证1000指数增强型发起式证券投资基金基金份额发售公告,2016-12-02,证券时报电子报
创金合信中证1000指数增强型发起式证券投资基金基金合同摘要,2016-12-02,证券时报电子报
创金合信货币市场基金招募说明书（更新）摘要,2016-12-02,证券时报电子报
创金合信基金管理有限公司关于旗下创金合信量化多因子股票型证券投资基金调整申购金额起点的公告,2016-12-06,证券时报电子报
创金合信基金关于针对旗下部分开放式证券投资基金调整直销柜台申购费率的公告,2016-12-08,证券时报电子报
创金合信基金管理有限公司公告（系列）,2016-12-15,证券时报电子报
创金合信陈玉辉：明年看好国企改革板块,2016-12-19,证券时报电子报
创金合信鑫安保本混合型证券投资基金招募说明书（更新）摘要,2016-12-20,证券时报电子报
创金合信基金管理有限公司公告（系列）,2016-12-23,证券时报电子报
创金合信中证1000指数增强型发起式证券投资基金开放日常申购、赎回、定期定额投资业务的公告,2016-12-26,证券时报电子报
创金合信基金管理有限公司关于旗下部分开放式证券投资基金增加永鑫保险为代销机构的公告,2016-12-28,证券时报电子报
创金合信基金管理有限公司公告（系列）,2017-01-04,证券时报电子报
创金合信量化多因子股票型证券投资基金C调整申购、赎回金额的公告,2017-01-05,证券时报电子报
创金合信基金管理有限公司旗下部分开放式证券投资基金增加代销机构的公告,2017-01-07,证券时报电子报
创金合信量化多因子股票型证券投资基金C关于增加部分销售渠道的公告,2017-01-11,证券时报电子报
创金合信中证1000指数增强型发起式证券投资基金暂停大额申购公告,2017-01-13,证券时报电子报
创金合信基金管理有限公司关于调整旗下部分开放式基金申购和赎回份额额度及最低持有份额额度的公告,2017-01-17,证券时报电子报
创金合信货币市场基金2016第四季度报告,2017-01-23,证券时报电子报
创金合信量化多因子股票型证券投资基金2016第四季度报告,2017-01-23,证券时报电子报
创金合信鑫动力灵活配置混合型证券投资基金2016第四季度报告,2017-01-23,证券时报电子报
创金合信鑫安保本混合型证券投资基金2016第四季度报告,2017-01-23,证券时报电子报
创金合信基金管理有限公司公告（系列）,2017-01-24,证券时报电子报
创金合信货币市场基金春节前暂停申购公告,2017-01-24,证券时报电子报
创金合信基金管理有限公司关于创金合信尊隆纯债债券型证券投资基金提前结束募集的公告,2017-02-07,证券时报电子报
创金合信基金管理有限公司旗下部分开放式证券投资基金增加平安证券为代销机构的公告,2017-02-09,证券时报电子报
创金合信基金管理有限公司关于旗下部分基金估值方法变更的提示性公告,2017-02-11,证券时报电子报
创金合信基金管理有限公司关于旗下部分基金增加代销机构的公告,2017-02-16,证券时报电子报
创金合信量化核心今日发行,2017-02-21,证券时报电子报
创金合信基金管理有限公司关于直销柜台申购费率优惠政策调整的公告,2017-02-22,证券时报电子报
创金合信中证1000指数增强型发起式证券投资基金暂停大额申购业务的公告,2017-03-01,证券时报电子报
创金合信基金管理有限公司关于调整创金合信鑫动力灵活配置混合型证券投资基金A类份额赎回费率的公告,2017-03-02,证券时报电子报
创金合信基金管理有限公司关于修改创金合信货币市场基金基金合同的公告,2017-03-08,证券时报电子报
创金合信量化多因子股票型证券投资基金招募说明书（更新）摘要,2017-03-11,证券时报电子报
创金合信基金管理有限公司旗下部分开放式证券投资基金增加上海基煜为代销机构的公告,2017-03-16,证券时报电子报
创金合信基金管理有限公司关于旗下部分开放式证券投资基金增加汇成基金为代销机构的公告,2017-03-24,证券时报电子报
创金合信货币市场基金清明节前暂停申购公告,2017-03-29,证券时报电子报
创金合信鼎鑫睿选定期开放混合型证券投资基金（LOF）份额发售公告,2017-04-14,证券时报电子报
创金合信鼎鑫睿选定期开放混合型证券投资基金（LOF）基金合同摘要,2017-04-14,证券时报电子报
创金合信鼎鑫睿选定期开放混合型证券投资基金（LOF）招募说明书,2017-04-14,证券时报电子报
创金合信鼎鑫睿选定期开放混合型证券投资基金（LOF）招募说明书,2017-04-14,证券时报电子报
创金合信鼎鑫睿选定期开放混合型证券投资基金（LOF）招募说明书,2017-04-14,证券时报电子报
创金合信鼎鑫睿选定期开放混合型证券投资基金（LOF）份额发售公告,2017-04-14,证券时报电子报
创金合信鼎鑫睿选定期开放混合型证券投资基金（LOF）基金合同摘要,2017-04-14,证券时报电子报
创金合信鼎鑫睿选定期开放混合型证券投资基金（LOF）招募说明书,2017-04-14,证券时报电子报
创金合信鑫动力灵活配置混合型证券投资基金招募说明书（更新）摘要,2017-04-14,证券时报电子报
创金合信中证1000指数增强型发起式证券投资基金增加大泰金石为代销机构的公告,2017-04-14,证券时报电子报
创金合信基金管理有限公司关于公司旗下部分基金估值调整情况的公告,2017-04-20,证券时报电子报
创金合信鼎鑫睿选定期开放混合型证券投资基金（LOF）关于增加光大证券为代销机构的公告,2017-05-06,证券时报电子报
创金合信尊隆纯债债券型证券投资基金开放日常申购、赎回业务公告,2017-05-06,证券时报电子报
创金合信基金管理有限公司关于创金合信鼎鑫睿选定期开放混合型证券投资基金（LOF）延长募集期的公告,2017-05-11,证券时报电子报
创金合信鼎鑫睿选定期开放混合型证券投资基金（LOF）关于基金合同、基金合同摘要、托管协议、招募说明书的更正公告,2017-05-11,证券时报电子报
创金合信鼎鑫睿选定期开放混合型证券投资基金（LOF）关于增加海通证券为代销机构的公告,2017-05-18,证券时报电子报
创金合信基金管理有限公司关于公司旗下部分基金估值调整情况的公告,2017-05-22,证券时报电子报
创金合信基金管理有限公司旗下部分开放式证券投资基金增加东莞证券股份有限公司为代销机构的公告,2017-05-24,证券时报电子报
创金合信货币市场基金2017年“端午节”假期前暂停申购、定期定额投资业务公告,2017-05-24,证券时报电子报
创金合信基金管理有限公司关于旗下部分开放式基金参加中银国际证券申购费率优惠活动的公告,2017-06-01,证券时报电子报
创金合信货币市场基金招募说明书(更新)摘要,2017-06-05,证券时报电子报
创金合信基金管理有限公司公告（系列）,2017-06-05,证券时报电子报
创金合信基金管理有限公司关于创金合信鼎鑫睿选定期开放混合型证券投资基金（LOF）延长募集期的公告,2017-06-13,证券时报电子报
创金合信基金管理有限公司关于开通旗下部分开放式基金转换业务的公告,2017-06-13,证券时报电子报
创金合信鼎鑫睿选定期开放混合型证券投资基金（LOF）关于增加长城证券为代销机构暨参加长城证券费率优惠活动的公告,2017-06-14,证券时报电子报
关于创金合信量化多因子股票型证券投资基金C增加中信建投证券为代销机构的公告,2017-06-20,证券时报电子报
创金合信基金管理有限公司关于旗下部分基金及其代销机构一览表的公告,2017-06-23,证券时报电子报
创金合信鑫安保本混合型证券投资基金招募说明书（更新）摘要,2017-06-24,证券时报电子报
创金合信基金管理有限公司关于旗下部分开放式基金增加代销机构暨参加代销机构费率优惠活动的公告,2017-06-28,证券时报电子报
关于创金合信量化多因子股票型证券投资基金变更基金份额净值计算位数并修改基金合同、托管协议的公告,2017-07-04,证券时报电子报
关于创金合信基金管理有限公司旗下部分开放式基金开通在代销机构转换业务的公告,2017-07-04,证券时报电子报
创金合信基金管理有限公司公告（系列）,2017-07-04,证券时报电子报
创金合信鼎鑫睿选定期开放混合型证券投资基金(LOF)基金合同生效公告,2017-07-08,证券时报电子报
关于创金合信基金管理有限公司旗下部分开放式基金开通在微信直销平台转换业务的公告,2017-07-10,证券时报电子报
创金合信基金管理有限公司公告（系列）,2017-07-11,证券时报电子报
创金合信基金管理有限公司公告（系列）,2017-07-14,证券时报电子报
创金合信货币市场基金2017第二季度报告,2017-07-19,证券时报电子报
创金合信量化多因子股票型证券投资基金2017第二季度报告,2017-07-19,证券时报电子报
创金合信尊隆纯债债券型证券投资基金2017第二季度报告,2017-07-19,证券时报电子报
创金合信中证1000指数增强型发起式证券投资基金2017第二季度报告,2017-07-19,证券时报电子报
创金合信鑫安保本混合型证券投资基金2017第二季度报告,2017-07-19,证券时报电子报
创金合信鑫动力灵活配置混合型证券投资基金2017第二季度报告,2017-07-19,证券时报电子报
创金合信基金管理有限公司关于旗下部分开放式基金增加唐鼎耀华为代销机构的公告,2017-07-26,证券时报电子报
创金合信基金成立三周年合伙文化开花结果,2017-07-31,证券时报电子报
创金合信基金管理有限公司关于旗下部分开放式基金增加凤凰金融为代销机构的公告,2017-08-01,证券时报电子报
创金合信中证1000指数增强型发起式证券投资基金招募说明书（更新）摘要,2017-08-04,证券时报电子报
创金合信基金管理有限公司关于旗下部分开放式基金增加平安银行为代销机构的公告,2017-08-09,证券时报电子报
创金合信基金管理有限公司关于旗下部分开放式基金增加挖财基金为代销机构的公告,2017-08-14,证券时报电子报
创金合信基金管理有限公司关于旗下证券投资基金估值调整情况的公告,2017-08-15,证券时报电子报
创金合信基金管理有限公司关于旗下创金合信优选回报灵活配置混合型基金增加安信证券为代销机构的公告,2017-08-24,证券时报电子报
创金合信基金管理有限公司关于旗下创金合信优选回报灵活配置混合型基金增加唐鼎耀华为代销机构的公告,2017-08-25,证券时报电子报
创金合信基金管理有限公司关于旗下创金合信优选回报灵活配置混合型证券投资基金增加平安银行为代销机构的公告,2017-08-25,证券时报电子报
创金合信优选回报正在发行,2017-08-28,证券时报电子报
创金合信基金管理有限公司公告（系列）,2017-08-28,证券时报电子报
创金合信基金管理有限公司关于旗下部分开放式基金增加大智慧为代销机构的公告,2017-08-29,证券时报电子报
创金合信基金管理有限公司关于旗下创金合信优选回报灵活配置混合型证券投资基金增加东莞证券为代销机构的公告,2017-09-01,证券时报电子报
创金合信量化多因子股票型证券投资基金招募说明书（更新）摘要,2017-09-04,证券时报电子报
创金合信基金管理有限公司关于旗下创金合信优选回报灵活配置混合型证券投资基金增加国信证券为代销机构的公告,2017-09-05,证券时报电子报
创金合信基金管理有限公司关于创金合信优选回报灵活配置混合型证券投资基金增加中泰证券为代销机构暨参加中泰证券费率优惠活动的公告,2017-09-06,证券时报电子报
创金合信基金管理有限公司公告（系列）,2017-09-07,证券时报电子报
创金合信基金管理有限公司关于旗下部分开放式基金增加中泰证券为代销机构暨参加中泰证券费率优惠活动的公告,2017-09-08,证券时报电子报
创金合信基金管理有限公司关于旗下部分开放式基金增加招商银行为代销机构的公告,2017-09-11,证券时报电子报
创金合信基金管理有限公司关于旗下部分开放式基金增加太平洋证券为代销机构的公告,2017-09-12,证券时报电子报
创金合信货币市场基金基金经理变更公告,2017-09-12,证券时报电子报
创金合信基金管理有限公司关于旗下部分开放式基金增加光大证券为代销机构的公告,2017-09-13,证券时报电子报
创金合信鼎鑫睿选定期开放混合型证券投资基金（LOF）上市交易公告书,2017-09-13,证券时报电子报
创金合信基金管理有限公司关于创金合信鼎鑫睿选定期开放混合型证券投资基金（LOF）开通跨系统转托管业务的公告,2017-09-14,证券时报电子报
创金合信基金管理有限公司关于公司旗下部分基金估值调整情况的公告,2017-09-15,证券时报电子报
创金合信基金管理有限公司公告（系列）,2017-09-18,证券时报电子报
创金合信基金管理有限公司关于旗下创金合信鼎鑫睿选定期开放混合型证券投资基金（LOF）调整最低持有份额的公告,2017-09-22,证券时报电子报
创金合信尊隆纯债债券型证券投资基金招募说明书(更新)摘要,2017-09-22,证券时报电子报
"创金合信货币市场基金2017年""国庆节""假期前两个工作日暂停申购、转换转入及定期定额投资业务的公告",2017-09-26,证券时报电子报
创金合信优选回报灵活配置混合型证券投资基金基金合同生效公告,2017-09-28,证券时报电子报
创金合信基金管理有限公司关于旗下部分开放式基金增加世纪证券为代销机构的公告,2017-10-13,证券时报电子报
创金合信鑫动力灵活配置混合型证券投资基金招募说明书（更新）摘要,2017-10-13,证券时报电子报
创金合信基金管理有限公司关于旗下部分开放式基金增加包商银行为代销机构的公告,2017-10-19,证券时报电子报
创金合信基金管理有限公司公告（系列）,2017-10-24,证券时报电子报
创金合信货币市场基金2017第三季度报告,2017-10-27,证券时报电子报
创金合信鼎鑫睿选定期开放混合型证券投资基金2017第三季度报告,2017-10-27,证券时报电子报
创金合信量化多因子股票型证券投资基金2017第三季度报告,2017-10-27,证券时报电子报
创金合信鑫安保本混合型证券投资基金2017第三季度报告,2017-10-27,证券时报电子报
创金合信鑫动力灵活配置混合型证券投资基金2017第三季度报告,2017-10-27,证券时报电子报
创金合信中证1000指数增强型发起式证券投资基金2017第三季度报告,2017-10-27,证券时报电子报
创金合信尊隆纯债债券型证券投资基金2017第三季度报告,2017-10-27,证券时报电子报
创金合信基金管理有限公司关于公司旗下部分基金估值调整情况的公告,2017-11-03,证券时报电子报
创金合信基金管理有限公司关于公司旗下部分基金估值调整情况的公告,2017-11-28,证券时报电子报
创金合信国证A股指数发起式证券投资基金招募说明书,2017-12-01,证券时报电子报
创金合信国证A股指数发起式证券投资基金基金份额发售公告,2017-12-01,证券时报电子报
创金合信国证A股指数发起式证券投资基金基金合同摘要,2017-12-01,证券时报电子报
创金合信国证A股指数发起式证券投资基金招募说明书,2017-12-01,证券时报电子报
创金合信国证A股指数发起式证券投资基金招募说明书,2017-12-01,证券时报电子报
创金合信国证A股指数发起式证券投资基金招募说明书,2017-12-01,证券时报电子报
创金合信国证A股指数发起式证券投资基金基金份额发售公告,2017-12-01,证券时报电子报
创金合信国证A股指数发起式证券投资基金基金合同摘要,2017-12-01,证券时报电子报
创金合信货币市场基金招募说明书（更新）摘要,2017-12-05,证券时报电子报
创金合信基金管理有限公司关于旗下部分开放式基金增加代销机构的公告,2017-12-08,证券时报电子报
创金合信基金管理有限公司关于旗下部分开放式基金增加代销机构的公告,2017-12-20,证券时报电子报
创金合信基金管理有限公司关于旗下部分开放式基金增加代销机构的公告,2017-12-22,证券时报电子报
创金合信鑫安保本混合型证券投资基金招募说明书（更新）摘要,2017-12-25,证券时报电子报
创金合信货币市场基金2017年“元旦节”假期前两个工作日暂停申购、转换转入及定期定额投资业务的公告,2017-12-27,证券时报电子报
创金合信基金管理有限公司关于创金合信睿合定期开放混合型证券投资基金延长募集期的公告,2017-12-29,证券时报电子报
创金合信国证A股指数发起式证券投资基金基金合同生效公告,2017-12-29,证券时报电子报
创金合信基金管理有限公司关于增值税对资产管理产品影响告投资者通知书,2017-12-30,证券时报电子报
创金合信基金管理有限公司关于创金合信睿合定期开放混合型证券投资基金增加国信证券为代销机构的公告,2018-01-05,证券时报电子报
创金合信国证2000指数发起式证券投资基金招募说明书,2018-01-06,证券时报电子报
创金合信国证2000指数发起式证券投资基金基金份额发售公告,2018-01-06,证券时报电子报
创金合信国证2000指数发起式证券投资基金基金合同内容摘要,2018-01-06,证券时报电子报
创金合信国证2000指数发起式证券投资基金招募说明书,2018-01-06,证券时报电子报
创金合信国证2000指数发起式证券投资基金招募说明书,2018-01-06,证券时报电子报
创金合信国证2000指数发起式证券投资基金招募说明书,2018-01-06,证券时报电子报
创金合信国证2000指数发起式证券投资基金基金份额发售公告,2018-01-06,证券时报电子报
创金合信国证2000指数发起式证券投资基金基金合同内容摘要,2018-01-06,证券时报电子报
创金合信基金管理有限公司关于旗下部分开放式基金增加代销机构的公告,2018-01-10,证券时报电子报
创金合信基金管理有限公司关于旗下部分开放式基金增加代销机构的公告,2018-01-15,证券时报电子报
创金合信基金管理有限公司关于旗下部分开放式基金增加华泰证券为代销机构暨参加华泰证券费率优惠活动的公告,2018-01-17,证券时报电子报
创金合信基金管理有限公司关于创金合信睿合定期开放混合型证券投资基金增加国泰君安证券为代销机构的公告,2018-01-19,证券时报电子报
创金合信基金管理有限公司关于创金合信睿合定期开放混合型证券投资基金增加光大证券为代销机构的公告,2018-01-22,证券时报电子报
创金合信基金管理有限公司关于旗下部分开放式基金增加华泰证券为代销机构暨参加华泰证券费率优惠活动的公告,2018-01-24,证券时报电子报
创金合信基金管理有限公司关于旗下部分开放式基金增加苏宁金融为代销机构的公告,2018-01-29,证券时报电子报
创金合信尊隆纯债债券型证券投资基金暂停大额申购业务的公告,2018-01-29,证券时报电子报
创金合信基金管理有限公司关于创金合信睿合定期开放混合型证券投资基金延长募集期的公告,2018-01-31,证券时报电子报
创金合信尊隆纯债债券型证券投资基金分红公告,2018-02-01,证券时报电子报
创金合信国证A股指数发起式证券投资基金开放日常申购、赎回、转换和定期定额投资业务的公告,2018-02-01,证券时报电子报
创金合信中证1000指数增强型发起式证券投资基金招募说明书（更新）摘要,2018-02-02,证券时报电子报
创金合信中证1000指数增强型发起式证券投资基金招募说明书（更新）摘要,2018-02-02,证券时报电子报
创金合信中证1000指数增强型发起式证券投资基金招募说明书（更新）摘要,2018-02-02,证券时报电子报
创金合信中证1000指数增强型发起式证券投资基金招募说明书（更新）摘要,2018-02-02,证券时报电子报
创金合信尊隆纯债债券型证券投资基金恢复大额申购业务的公告,2018-02-02,证券时报电子报
创金合信基金管理有限公司关于公司旗下部分基金估值调整情况的公告,2018-02-02,证券时报电子报
创金合信基金管理有限公司公告（系列）,2018-02-08,证券时报电子报
创金合信基金管理有限公司关于公司旗下部分基金估值调整情况的公告,2018-02-10,证券时报电子报
创金合信货币市场基金春节前两个工作日暂停申购、转换转入和定期定额投资业务的公告,2018-02-12,证券时报电子报
创金合信鼎鑫睿选定期开放混合型证券投资基金（LOF）招募说明书（更新）摘要,2018-02-14,证券时报电子报
创金合信基金管理有限公司公告（系列）,2018-02-22,证券时报电子报
创金合信基金管理有限公司关于公司旗下部分基金估值调整情况的公告,2018-02-22,证券时报电子报
创金合信基金管理有限公司关于公司旗下部分基金估值调整情况的公告,2018-03-02,证券时报电子报
创金合信基金管理有限公司公告（系列）,2018-03-02,证券时报电子报
创金合信基金管理有限公司关于旗下部分开放式基金增加平安银行为代销机构的公告,2018-03-05,证券时报电子报
创金合信量化多因子股票型证券投资基金招募说明书（更新）摘要,2018-03-07,证券时报电子报
创金合信睿合定期开放混合型证券投资基金基金合同生效公告,2018-03-13,证券时报电子报
创金合信基金管理有限公司关于旗下证券投资基金估值调整情况的公告,2018-03-13,证券时报电子报
创金合信基金管理有限公司关于旗下部分开放式基金增加代销机构的公告,2018-03-16,证券时报电子报
创金合信基金管理有限公司关于创金合信货币市场基金增加泉州银行为代销机构的公告,2018-03-22,证券时报电子报
创金合信尊隆纯债债券型证券投资基金招募说明书（更新）摘要,2018-03-26,证券时报电子报
创金合信基金管理有限公司公告（系列）,2018-03-28,证券时报电子报
创金合信基金管理有限公司公告（系列）,2018-03-28,证券时报电子报
创金合信基金管理有限公司公告（系列）,2018-03-28,证券时报电子报
创金合信基金管理有限公司关于公司旗下部分基金估值调整情况的公告,2018-03-29,证券时报电子报
创金合信基金管理有限公司公告（系列）,2018-03-30,证券时报电子报
创金合信基金总经理苏彦祝：公募基金拼文化、人才和团队,2018-04-02,证券时报电子报
创金合信基金管理有限公司关于旗下部分开放式基金参加第一创业证券费率优惠活动的公告,2018-04-02,证券时报电子报
创金合信鑫安保本混合型证券投资基金暂停申购、转换转入和定期定额投资业务的公告,2018-04-11,证券时报电子报
创金合信鑫动力灵活配置混合型证券投资基金招募说明书（更新）摘要,2018-04-13,证券时报电子报
创金合信基金管理有限公司公告（系列）,2018-04-19,证券时报电子报
创金合信量化多因子股票型证券投资基金2018第一季度报告,2018-04-19,证券时报电子报
创金合信国证A股指数发起式证券投资基金2018第一季度报告,2018-04-19,证券时报电子报
创金合信鑫安保本混合型证券投资基金2018第一季度报告,2018-04-19,证券时报电子报
创金合信鑫动力灵活配置混合型证券投资基金2018第一季度报告,2018-04-19,证券时报电子报
创金合信优选回报灵活配置混合型证券投资基金2018第一季度报告,2018-04-19,证券时报电子报
创金合信中证1000指数增强型发起式证券投资基金2018第一季度报告,2018-04-19,证券时报电子报
创金合信鼎鑫睿选定期开放混合型证券投资基金（LOF）2018第一季度报告,2018-04-19,证券时报电子报
创金合信尊隆纯债债券型证券投资基金2018第一季度报告,2018-04-19,证券时报电子报
创金合信货币市场基金2018第一季度报告,2018-04-19,证券时报电子报
创金合信基金管理有限公司关于旗下证券投资基金估值调整情况的公告,2018-04-20,证券时报电子报
创金合信基金管理有限公司关于创金合信鑫安保本混合型证券投资基金基金合同终止及基金财产清算的第一次提示性公告,2018-04-20,证券时报电子报
创金合信基金管理有限公司关于创金合信鑫安保本混合型证券投资基金基金合同终止及基金财产清算的第二次提示性公告,2018-04-21,证券时报电子报
创金合信货币市场基金劳动节前两个工作日暂停申购、转换转入和定期定额投资业务的公告,2018-04-26,证券时报电子报
创金合信新能源汽车主题股票型发起式证券投资基金招募说明书,2018-04-27,证券时报电子报
创金合信新能源汽车主题股票型发起式证券投资基金基金份额发售公告,2018-04-27,证券时报电子报
创金合信新能源汽车主题股票型发起式证券投资基金基金合同内容摘要,2018-04-27,证券时报电子报
创金合信新能源汽车主题股票型发起式证券投资基金招募说明书,2018-04-27,证券时报电子报
创金合信新能源汽车主题股票型发起式证券投资基金招募说明书,2018-04-27,证券时报电子报
创金合信新能源汽车主题股票型发起式证券投资基金招募说明书,2018-04-27,证券时报电子报
创金合信新能源汽车主题股票型发起式证券投资基金基金合同内容摘要,2018-04-27,证券时报电子报
创金合信新能源汽车主题股票型发起式证券投资基金基金合同生效公告,2018-05-09,证券时报电子报
创金合信优选回报灵活配置混合型证券投资基金招募说明书（更新）摘要,2018-05-10,证券时报电子报
创金合信新能源汽车主题股票型发起式证券投资基金开放日常申购、赎回、转换及定期定额投资业务的公告,2018-05-11,证券时报电子报
创金合信基金管理有限公司关于旗下部分开放式基金增加代销机构的公告,2018-05-17,证券时报电子报
创金合信基金管理有限公司关于旗下开放式基金参与银河证券费率优惠活动的公告,2018-05-18,证券时报电子报
创金合信基金管理有限公司关于公司旗下部分基金估值调整情况的公告,2018-05-19,证券时报电子报
创金合信基金管理有限公司关于旗下部分开放式基金增加代销机构的公告,2018-05-21,证券时报电子报
创金合信基金管理有限公司关于旗下开放式基金参与第一创业证券费率优惠活动的公告,2018-05-24,证券时报电子报
创金合信货币市场基金招募说明书（更新）摘要,2018-06-05,证券时报电子报
创金合信基金管理有限公司关于旗下部分开放式基金增加广发证券为代销机构暨参加广发证券费率优惠活动的公告,2018-06-06,证券时报电子报
创金合信量化多因子股票型证券投资基金变更业绩比较基准并修改基金合同的公告,2018-06-07,证券时报电子报
创金合信基金管理有限公司公告（系列）,2018-06-12,证券时报电子报
创金合信基金管理有限公司关于旗下证券投资基金估值调整情况的公告,2018-06-15,证券时报电子报
创金合信基金管理有限公司关于公司旗下部分基金估值调整情况的公告,2018-06-16,证券时报电子报
创金合信基金管理有限公司关于旗下证券投资基金估值调整情况的公告,2018-06-21,证券时报电子报
创金合信基金管理有限公司关于公司旗下部分基金估值调整情况的公告,2018-06-22,证券时报电子报
创金合信鑫安保本混合型证券投资基金招募说明书（更新）摘要,2018-06-22,证券时报电子报
创金合信基金管理有限公司关于旗下部分开放式基金增加济安财富为代销机构的公告,2018-06-28,证券时报电子报
创金合信基金管理有限公司关于旗下部分开放式基金增加恒泰证券为代销机构的公告,2018-06-29,证券时报电子报
创金合信基金管理有限公司关于公司旗下部分基金估值调整情况的公告,2018-07-03,证券时报电子报
创金合信恒利超短债债券型证券投资基金基金份额发售公告,2018-07-06,证券时报电子报
创金合信恒利超短债债券型证券投资基金基金合同内容摘要,2018-07-06,证券时报电子报
创金合信恒利超短债债券型证券投资基金招募说明书,2018-07-06,证券时报电子报
创金合信恒利超短债债券型证券投资基金招募说明书,2018-07-06,证券时报电子报
创金合信恒利超短债债券型证券投资基金招募说明书,2018-07-06,证券时报电子报
创金合信恒利超短债债券型证券投资基金招募说明书,2018-07-06,证券时报电子报
创金合信恒利超短债债券型证券投资基金基金份额发售公告,2018-07-06,证券时报电子报
创金合信恒利超短债债券型证券投资基金基金合同内容摘要,2018-07-06,证券时报电子报
创金合信基金管理有限公司关于公司旗下部分基金估值调整情况的公告,2018-07-06,证券时报电子报
创金合信基金王一兵：严控资产组合久期追求稳健收益,2018-07-09,证券时报电子报
创金合信基金管理有限公司关于创金合信恒利超短债债券型证券投资基金增加部分代销机构的公告,2018-07-11,证券时报电子报
创金合信恒利超短债基金发行,2018-07-12,证券时报电子报
创金合信基金管理有限公司关于创金合信恒利超短债债券型证券投资基金增加东莞证券为代销机构的公告,2018-07-13,证券时报电子报
关于创金合信恒利超短债债券型证券投资基金在创金合信基金管理有限公司直销柜台开展费率优惠活动的公告,2018-07-16,证券时报电子报
创金合信货币市场基金暂停大额申购、大额转换转入业务的公告,2018-07-17,证券时报电子报
创金合信基金管理有限公司关于创金合信恒利超短债债券型证券投资基金增加国信证券为代销机构的公告,2018-07-18,证券时报电子报
创金合信基金管理有限公司关于旗下部分开放式基金增加包商银行为代销机构的公告,2018-07-18,证券时报电子报
创金合信国证1000指数发起式证券投资基金2018第二季度报告,2018-07-20,证券时报电子报
创金合信国证2000指数发起式证券投资基金2018第二季度报告,2018-07-20,证券时报电子报
创金合信睿合定期开放混合型证券投资基金2018第二季度报告,2018-07-20,证券时报电子报
创金合信国证A股指数发起式证券投资基金2018第二季度报告,2018-07-20,证券时报电子报
创金合信货币市场基金2018第二季度报告,2018-07-20,证券时报电子报
创金合信鼎鑫睿选定期开放混合型证券投资基金（LOF）2018第二季度报告,2018-07-20,证券时报电子报
创金合信量化多因子股票型证券投资基金2018第二季度报告,2018-07-20,证券时报电子报
创金合信鑫动力灵活配置混合型证券投资基金2018第二季度报告,2018-07-20,证券时报电子报
创金合信鑫安保本混合型证券投资基金2018第二季度报告,2018-07-20,证券时报电子报
创金合信优选回报灵活配置混合型证券投资基金2018第二季度报告,2018-07-20,证券时报电子报
创金合信尊隆纯债债券型证券投资基金2018第二季度报告,2018-07-20,证券时报电子报
创金合信中证1000指数增强型发起式证券投资基金2018第二季度报告,2018-07-20,证券时报电子报
创金合信基金管理有限公司关于创金合信恒利超短债债券型证券投资基金增加宁波银行为代销机构的公告,2018-07-23,证券时报电子报
创金合信基金管理有限公司关于旗下部分开放式基金增加恒泰证券为代销机构的公告,2018-08-01,证券时报电子报
创金合信基金管理有限公司关于旗下证券投资基金估值调整情况的公告,2018-08-01,证券时报电子报
创金合信中证1000指数增强型发起式证券投资基金招募说明书（更新）摘要,2018-08-03,证券时报电子报
创金合信恒利超短债债券型证券投资基金基金合同生效公告,2018-08-03,证券时报电子报
创金合信基金管理有限公司关于旗下部分开放式基金增加长量基金为代销机构的公告,2018-08-10,证券时报电子报
创金合信国证A股指数发起式证券投资基金招募说明书（更新）摘要,2018-08-10,证券时报电子报
创金合信基金管理有限公司关于旗下部分开放式基金增加和耕传承为代销机构的公告,2018-08-17,证券时报电子报
创金合信鼎鑫睿选定期开放混合型证券投资基金（LOF）招募说明书（更新）摘要,2018-08-20,证券时报电子报
创金合信基金管理有限公司关于调整创金合信睿合定期开放混合型证券投资基金赎回费率的公告,2018-08-20,证券时报电子报
创金合信鑫安保本混合型证券投资基金清算报告,2018-08-24,证券时报电子报
创金合信基金管理有限公司关于旗下证券投资基金估值调整情况的公告,2018-08-25,证券时报电子报
创金合信恒利超短债债券型证券投资基金开放日常申购、转换转入及定期定额投资业务的公告,2018-08-28,证券时报电子报
创金合信恒利超短债债券型证券投资基金开放日常赎回和转换转出业务的公告,2018-08-30,证券时报电子报
创金合信基金管理有限公司公告（系列）,2018-09-01,证券时报电子报
创金合信量化多因子股票型证券投资基金招募说明书（更新）摘要,2018-09-04,证券时报电子报
创金合信货币市场基金暂停大额申购、大额转换转入业务的公告,2018-09-04,证券时报电子报
创金合信基金管理有限公司公告（系列）,2018-09-05,证券时报电子报
创金合信基金管理有限公司关于创金合信恒利超短债债券型证券投资基金增加恒泰证券为代销机构的公告,2018-09-06,证券时报电子报
关于创金合信睿合定期开放混合型证券投资基金在创金合信基金管理有限公司直销渠道（直销柜台及微信直销平台）开展赎回、转换转出费率优惠活动的公告,2018-09-08,证券时报电子报
创金合信睿合定期开放混合型证券投资基金开放申购、赎回及转换业务的提示性公告,2018-09-10,证券时报电子报
创金合信基金管理有限公司关于旗下部分开放式基金增加代销机构的公告,2018-09-11,证券时报电子报
创金合信睿合定期开放混合型证券投资基金暂停大额申购、大额转换转入业务的公告,2018-09-11,证券时报电子报
创金合信恒利超短债债券型证券投资基金基金经理变更公告,2018-09-12,证券时报电子报
创金合信基金管理有限公司关于创金合信睿合定期开放混合型证券投资基金参与代销机构赎回费率优惠活动的公告,2018-09-12,证券时报电子报
创金合信鼎鑫睿选定期开放混合型证券投资基金（LOF）基金经理变更公告,2018-09-14,证券时报电子报
创金合信睿合定期开放混合型证券投资基金暂停申购、转换转入业务的公告,2018-09-14,证券时报电子报
创金合信货币市场基金中秋节前两个工作日暂停申购、转换转入和定期定额投资业务的公告,2018-09-18,证券时报电子报
创金合信货币市场基金调整大额申购、大额转换转入业务限额的公告,2018-09-19,证券时报电子报
创金合信国证2000指数发起式证券投资基金招募说明书（更新）摘要,2018-09-20,证券时报电子报
创金合信国证1000指数发起式证券投资基金招募说明书（更新）摘要,2018-09-20,证券时报电子报
创金合信恒利超短债债券型证券投资基金2018年国庆节假期前暂停申购、转换转入和定期定额投资业务的公告,2018-09-21,证券时报电子报
创金合信尊隆纯债债券型证券投资基金招募说明书（更新）摘要,2018-09-21,证券时报电子报
创金合信基金管理有限公司公告（系列）,2018-09-21,证券时报电子报
创金合信基金管理有限公司公告（系列）,2018-09-21,证券时报电子报
创金合信基金管理有限公司关于创金合信恒利超短债债券型证券投资基金增加招商证券为代销机构的公告,2018-09-22,证券时报电子报
创金合信基金管理有限公司公告（系列）,2018-09-25,证券时报电子报
创金合信基金管理有限公司公告（系列）,2018-09-25,证券时报电子报
创金合信基金管理有限公司公告（系列）,2018-09-26,证券时报电子报
创金合信基金管理有限公司公告（系列）,2018-09-26,证券时报电子报
创金合信货币市场基金恢复大额申购、大额转换转入业务的公告,2018-10-08,证券时报电子报
创金合信鑫动力灵活配置混合型证券投资基金招募说明书（更新）摘要,2018-10-12,证券时报电子报
创金合信基金管理有限公司公告（系列）,2018-10-12,证券时报电子报
创金合信基金管理有限公司关于旗下证券投资基金估值调整情况的公告,2018-10-18,证券时报电子报
创金合信鑫动力灵活配置混合型证券投资基金暂停申购、定期定额投资业务的公告,2018-10-23,证券时报电子报
创金合信鑫动力灵活配置混合型证券投资基金基金份额持有人大会表决结果暨决议生效公告,2018-10-24,证券时报电子报
创金合信睿合定期开放混合型证券投资基金集中赎回选择期及开放赎回、转换转出业务的公告,2018-10-24,证券时报电子报
创金合信基金管理有限公司关于旗下部分开放式基金增加泉州银行股份有限公司为代销机构的公告,2018-10-26,证券时报电子报
创金合信医疗保健行业股票型证券投资基金基金合同摘要,2018-10-26,证券时报电子报
创金合信医疗保健行业股票型证券投资基金招募说明书,2018-10-26,证券时报电子报
创金合信医疗保健行业股票型证券投资基金招募说明书,2018-10-26,证券时报电子报
创金合信医疗保健行业股票型证券投资基金招募说明书,2018-10-26,证券时报电子报
创金合信基金管理有限公司关于旗下部分开放式基金增加植信基金为代销机构的公告,2018-10-26,证券时报电子报
创金合信睿合定期开放混合型证券投资基金招募说明书（更新）摘要,2018-10-26,证券时报电子报
关于创金合信鑫动力灵活配置混合型证券投资基金转型为创金合信医疗保健行业股票型证券投资基金的提示性公告,2018-10-29,证券时报电子报
创金合信基金管理有限公司公告（系列）,2018-11-02,证券时报电子报
创金合信基金管理有限公司关于旗下部分开放式基金增加华创证券为代销机构的公告,2018-11-06,证券时报电子报
创金合信基金管理有限公司关于旗下部分开放式基金增加代销机构的公告,2018-11-08,证券时报电子报
创金合信优选回报灵活配置混合型证券投资基金招募说明书（更新）摘要,2018-11-09,证券时报电子报
创金合信基金管理有限公司关于旗下部分开放式基金增加中银国际证券为代销机构的公告,2018-11-13,证券时报电子报
创金合信基金管理有限公司关于创金合信恒利超短债债券型证券投资基金增加交通银行为代销机构的公告,2018-11-19,证券时报电子报
创金合信基金管理有限公司关于旗下部分开放式基金增加阳光人寿为代销机构的公告,2018-11-29,证券时报电子报
创金合信货币市场基金招募说明书（更新）摘要,2018-12-05,证券时报电子报
创金合信货币市场基金暂停大额申购、大额转换转入业务的公告,2018-12-07,证券时报电子报
创金合信基金管理有限公司关于旗下部分开放式基金增加腾安基金为代销机构的公告,2018-12-07,证券时报电子报
创金合信恒利超短债债券型证券投资基金调整大额申购业务金额限制的公告,2018-12-07,证券时报电子报
创金合信基金管理有限公司关于旗下部分基金估值调整情况的公告,2018-12-15,证券时报电子报
创金合信基金管理有限公司关于旗下部分开放式基金增加微众银行为代销机构的公告,2018-12-20,证券时报电子报
创金合信货币市场基金恢复大额申购、大额转换转入业务的公告,2018-12-20,证券时报电子报
创金合信睿合定期开放混合型证券投资基金清算报告,2018-12-21,证券时报电子报
创金合信新能源汽车主题股票型发起式证券投资基金招募说明书（更新）摘要,2018-12-21,证券时报电子报
创金合信货币市场基金2019年元旦假期前两个工作日暂停申购、转换转入及定期定额投资业务的公告,2018-12-25,证券时报电子报
第一创业证券股份有限公司关于控股子公司创金合信基金管理有限公司变更股权获中国证监会批复的公告,2018-12-25,证券时报电子报
创金合信基金管理有限公司关于旗下创金合信量化多因子股票型证券投资基金参加中投证券费率优惠活动的公告,2018-12-26,证券时报电子报
创金合信货币市场基金暂停大额申购、大额转换转入业务的公告,2018-12-28,证券时报电子报
创金合信恒利超短债债券型证券投资基金调整大额申购、大额转换转入业务金额限制的公告,2019-01-04,证券时报电子报
创金合信鼎鑫睿选定期开放混合型证券投资基金（LOF）开放申购、赎回业务的公告,2019-01-04,证券时报电子报
创金合信货币市场基金调整大额申购、大额转换转入业务的公告,2019-01-05,证券时报电子报
创金合信鑫安保本混合型证券投资基金清算完毕公告,2019-01-18,证券时报电子报
创金合信聚利债券型证券投资基金2018第四季度报告,2019-01-19,证券时报电子报
创金合信沪深300指数增强型发起式证券投资基金2018第四季度报告,2019-01-19,证券时报电子报
创金合信量化多因子股票型证券投资基金2018第四季度报告,2019-01-19,证券时报电子报
创金合信资源主题精选股票型发起式证券投资基金2018第四季度报告,2019-01-19,证券时报电子报
创金合信消费主题股票型证券投资基金2018第四季度报告,2019-01-19,证券时报电子报
创金合信量化发现灵活配置混合型证券投资基金2018第四季度报告,2019-01-19,证券时报电子报
创金合信鼎鑫睿选定期开放混合型证券投资基金（LOF）2018第四季度报告,2019-01-19,证券时报电子报
创金合信国企活力混合型证券投资基金2018第四季度报告,2019-01-19,证券时报电子报
创金合信科技成长主题股票型发起式证券投资基金2018第四季度报告,2019-01-19,证券时报电子报
创金合信汇誉纯债六个月定期开放债券型证券投资基金2018第四季度报告,2019-01-19,证券时报电子报
创金合信工业周期精选股票型发起式证券投资基金2018第四季度报告,2019-01-19,证券时报电子报
创金合信国证2000指数发起式证券投资基金2018第四季度报告,2019-01-19,证券时报电子报
关于创金合信鼎鑫睿选定期开放混合型证券投资基金(LOF)可能触发基金合同终止情形的第一次提示性公告,2019-01-25,证券时报电子报
创金合信鼎鑫睿选定期开放混合型证券投资基金(LOF)暂停申购业务的公告,2019-01-25,证券时报电子报
创金合信恒兴中短债债券型证券投资基金基金份额发售公告,2019-01-28,证券时报电子报
创金合信恒兴中短债债券型证券投资基金基金合同内容摘要,2019-01-28,证券时报电子报
创金合信恒兴中短债债券型证券投资基金招募说明书,2019-01-28,证券时报电子报
创金合信恒兴中短债债券型证券投资基金招募说明书,2019-01-28,证券时报电子报
创金合信恒兴中短债债券型证券投资基金招募说明书,2019-01-28,证券时报电子报
创金合信恒兴中短债债券型证券投资基金基金份额发售公告,2019-01-28,证券时报电子报
创金合信恒兴中短债债券型证券投资基金基金合同内容摘要,2019-01-28,证券时报电子报
创金合信恒兴中短债债券型证券投资基金招募说明书,2019-01-28,证券时报电子报
创金合信基金管理有限公司关于创金合信恒兴中短债债券型证券投资基金增加华润银行为代销机构的公告,2019-01-30,证券时报电子报
创金合信基金管理有限公司关于旗下部分开放式基金增加中投证券为代销机构,2019-01-30,证券时报电子报
创金合信科技成长主题股票型发起式证券投资基金招募说明书（更新）摘要,2019-02-01,证券时报电子报
创金合信汇誉纯债六个月定期开放债券型证券投资基金招募说明书（更新）摘要,2019-02-01,证券时报电子报
关于创金合信鼎鑫睿选定期开放混合型证券投资基金(LOF)可能触发基金合同终止情形的第二次提示性公告,2019-02-11,证券时报电子报
关于创金合信鼎鑫睿选定期开放混合型证券投资基金(LOF)触发基金合同终止情形的公告,2019-02-12,证券时报电子报
创金合信沪深300指数增强型发起式证券投资基金招募说明书（更新）摘要,2019-02-13,证券时报电子报
创金合信汇誉纯债六个月定期开放债券型证券投资基金分红公告,2019-02-13,证券时报电子报
创金合信恒兴中短债基金正在发行,2019-02-14,证券时报电子报
关于创金合信鼎鑫睿选定期开放混合型证券投资基金(LOF)基金合同终止及基金财产清算的公告,2019-02-19,证券时报电子报
创金合信鼎鑫睿选定期开放混合型证券投资基金（LOF）招募说明书（更新）摘要,2019-02-20,证券时报电子报
关于创金合信鼎鑫睿选定期开放混合型证券投资基金(LOF)基金合同终止及基金财产清算的第一次提示性公告,2019-02-20,证券时报电子报
关于创金合信鼎鑫睿选定期开放混合型证券投资基金(LOF)基金合同终止及基金财产清算的第二次提示性公告,2019-02-21,证券时报电子报
关于创金合信鼎鑫睿选定期开放混合型证券投资基金(LOF)停牌的提示性公告,2019-02-22,证券时报电子报
创金合信基金管理有限公司关于公司旗下部分基金估值调整情况的公告,2019-02-26,证券时报电子报
创金合信恒兴中短债债券型证券投资基金基金合同生效公告,2019-03-06,证券时报电子报
创金合信量化多因子股票型证券投资基金招募说明书（更新）摘要,2019-03-07,证券时报电子报
创金合信国企活力混合型证券投资基金招募说明书（更新）摘要,2019-03-08,证券时报电子报
创金合信基金管理有限公司关于旗下部分开放式基金增加恒泰证券为代销机构的公告,2019-03-20,证券时报电子报
创金合信国证2000指数发起式证券投资基金招募说明书（更新）摘要,2019-03-22,证券时报电子报
创金合信基金管理有限公司公告（系列）,2019-03-28,证券时报电子报
创金合信基金管理有限公司关于公司旗下部分基金估值调整情况的公告,2019-04-04,证券时报电子报
创金合信基金管理有限公司关于旗下部分开放式基金增加第一创业为代销机构的公告,2019-04-10,证券时报电子报
创金合信基金管理有限公司关于公司旗下部分基金估值调整情况的公告,2019-04-12,证券时报电子报
创金合信基金管理有限公司关于旗下部分开放式基金增加交通银行为代销机构暨参加交通银行费率优惠活动的公告,2019-04-16,证券时报电子报
创金合信基金管理有限公司关于旗下部分开放式基金增加华夏财富为代销机构的公告,2019-04-16,证券时报电子报
创金合信恒兴中短债债券型证券投资基金开放日常申购、赎回、转换及定期定额投资业务的公告,2019-04-18,证券时报电子报
创金合信国企活力混合型证券投资基金2019第一季度报告,2019-04-22,证券时报电子报
创金合信工业周期精选股票型发起式证券投资基金2019第一季度报告,2019-04-22,证券时报电子报
创金合信国证2000指数发起式证券投资基金2019第一季度报告,2019-04-22,证券时报电子报
创金合信汇誉纯债六个月定期开放债券型证券投资基金2019第一季度报告,2019-04-22,证券时报电子报
创金合信聚利债券型证券投资基金2019第一季度报告,2019-04-22,证券时报电子报
创金合信沪深300指数增强型发起式证券投资基金2019第一季度报告,2019-04-22,证券时报电子报
创金合信科技成长主题股票型发起式证券投资基金2019第一季度报告,2019-04-22,证券时报电子报
创金合信量化多因子股票型证券投资基金2019第一季度报告,2019-04-22,证券时报电子报
创金合信量化发现灵活配置混合型证券投资基金2019第一季度报告,2019-04-22,证券时报电子报
创金合信资源主题精选股票型发起式证券投资基金2019第一季度报告,2019-04-22,证券时报电子报
创金合信消费主题股票型证券投资基金2019第一季度报告,2019-04-22,证券时报电子报
创金合信基金管理有限公司关于调整创金合信货币市场基金申购金额下限的公告,2019-04-23,证券时报电子报
创金合信汇誉纯债六个月定期开放债券型证券投资基金分红公告,2019-04-25,证券时报电子报
创金合信基金管理有限公司关于创金合信科技成长主题股票型发起式证券投资基金增加招商银行为代销机构的公告,2019-04-29,证券时报电子报
关于创金合信基金管理有限公司注册资本及股权变更的公告,2019-05-06,证券时报电子报
第一创业证券股份有限公司关于控股子公司创金合信完成工商变更登记的公告,2019-05-06,证券时报电子报
创金合信鼎鑫睿选定期开放混合型证券投资基金(LOF)清算报告,2019-05-07,证券时报电子报
创金合信货币市场基金调整大额申购、大额转换转入业务的公告,2019-05-08,证券时报电子报
创金合信量化发现灵活配置混合型证券投资基金招募说明书（更新）摘要,2019-05-10,证券时报电子报
创金合信基金管理有限公司关于旗下部分开放式基金增加招商证券为代销机构的公告,2019-05-10,证券时报电子报
创金合信鼎鑫睿选定期开放混合型证券投资基金（LOF）清算资金发放公告,2019-05-21,证券时报电子报
创金合信汇誉纯债六个月定期开放债券型证券投资基金基金经理变更公告,2019-05-22,证券时报电子报
创金合信基金管理有限公司关于旗下部分开放式基金增加招商银行为代销机构的公告,2019-05-23,证券时报电子报
创金合信消费主题股票型证券投资基金招募说明书（更新）摘要,2019-05-24,证券时报电子报
创金合信消费主题股票型证券投资基金基金经理变更公告,2019-05-31,证券时报电子报
创金合信鼎鑫睿选定期开放混合型证券投资基金(LOF)终止上市公告,2019-06-04,证券时报电子报
创金合信基金管理有限公司关于创金合信恒兴中短债债券型证券投资基金增加平安银行为代销机构的公告,2019-06-04,证券时报电子报
创金合信基金管理有限公司关于旗下部分开放式基金增加招商银行为代销机构的公告,2019-06-06,证券时报电子报
创金合信基金管理有限公司关于旗下部分开放式基金增加汇林保大为代销机构的公告,2019-06-12,证券时报电子报
创金合信基金管理有限公司高级管理人员变更公告,2019-06-13,证券时报电子报
创金合信资源主题精选股票型发起式证券投资基金招募说明书（更新）摘要,2019-06-14,证券时报电子报
创金合信基金管理有限公司关于旗下部分基金可投资于科创板股票的公告,2019-06-21,证券时报电子报
创金合信基金管理有限公司关于旗下部分开放式基金增加代销机构的公告,2019-06-26,证券时报电子报
第一创业证券股份有限公司关于控股子公司创金合信基金管理有限公司取得合格境内机构投资者（QDII）资格的公告,2019-06-27,证券时报电子报
创金合信工业周期精选股票型发起式证券投资基金招募说明书（更新）摘要,2019-06-28,证券时报电子报
创金合信聚利债券型证券投资基金招募说明书（更新）摘要,2019-06-28,证券时报电子报
创金合信汇誉纯债六个月定期开放债券型证券投资基金开放申购、赎回及转换业务的公告,2019-07-02,证券时报电子报
创金合信基金管理有限公司关于旗下部分开放式基金增加恒泰证券为代销机构的公告,2019-07-04,证券时报电子报
创金合信基金管理有限公司关于旗下部分基金估值调整情况的公告,2019-07-05,证券时报电子报
创金合信基金管理有限公司关于旗下部分开放式基金增加新浪仓石基金为代销机构的公告,2019-07-06,证券时报电子报
创金合信基金管理有限公司公告（系列）,2019-07-06,证券时报电子报
创金合信基金管理有限公司公告（系列）,2019-07-16,证券时报电子报
创金合信基金管理有限公司关于旗下部分开放式基金参与中泰证券费率优惠活动的公告,2019-07-18,证券时报电子报
创金合信恒兴中短债债券型证券投资基金2019第二季度报告,2019-07-18,证券时报电子报
创金合信汇誉纯债六个月定期开放债券型证券投资基金2019第二季度报告,2019-07-18,证券时报电子报
创金合信国企活力混合型证券投资基金2019第二季度报告,2019-07-18,证券时报电子报
创金合信聚利债券型证券投资基金2019第二季度报告,2019-07-18,证券时报电子报
创金合信国证2000指数发起式证券投资基金2019第二季度报告,2019-07-18,证券时报电子报
创金合信工业周期精选股票型发起式证券投资基金2019第二季度报告,2019-07-18,证券时报电子报
创金合信量化多因子股票型证券投资基金2019第二季度报告,2019-07-18,证券时报电子报
创金合信科技成长主题股票型发起式证券投资基金2019第二季度报告,2019-07-18,证券时报电子报
创金合信沪深300指数增强型发起式证券投资基金2019第二季度报告,2019-07-18,证券时报电子报
创金合信量化发现灵活配置混合型证券投资基金2019第二季度报告,2019-07-18,证券时报电子报
创金合信消费主题股票型证券投资基金2019第二季度报告,2019-07-18,证券时报电子报
创金合信资源主题精选股票型发起式证券投资基金2019第二季度报告,2019-07-18,证券时报电子报
创金合信基金管理有限公司关于旗下部分开放式基金增加浙商证券为代销机构暨参加浙商证券费率优惠活动的公告,2019-07-22,证券时报电子报
创金合信基金管理有限公司关于旗下部分开放式基金增加广州证券为代销机构的公告,2019-08-07,证券时报电子报
创金合信基金管理有限公司关于旗下部分开放式基金增加民商基金销售(上海)有限公司为代销机构,2019-08-08,证券时报电子报
创金合信汇誉纯债六个月定期开放债券型证券投资基金招募说明书（更新）摘要,2019-08-09,证券时报电子报
创金合信科技成长主题股票型发起式证券投资基金招募说明书（更新）摘要,2019-08-09,证券时报电子报
创金合信沪深300指数增强型发起式证券投资基金招募说明书（更新）摘要,2019-08-13,证券时报电子报
创金合信沪深300指数增强型发起式证券投资基金招募说明书（更新）摘要,2019-08-13,证券时报电子报
创金合信基金管理有限公司关于旗下部分开放式基金增加联储证券为代销机构的公告,2019-08-14,证券时报电子报
创金合信汇誉纯债六个月定期开放债券型证券投资基金分红公告,2019-08-15,证券时报电子报
创金合信基金管理有限公司关于旗下部分开放式基金增加平安银行为代销机构的公告,2019-08-16,证券时报电子报
创金合信聚利债券型证券投资基金基金经理变更公告,2019-08-17,证券时报电子报
创金合信基金管理有限公司关于旗下部分开放式基金增加百度百盈为代销机构的公告,2019-08-21,证券时报电子报
创金合信量化多因子股票型证券投资基金招募说明书（更新）摘要,2019-09-04,证券时报电子报
创金合信基金管理有限公司关于旗下部分开放式基金增加东方财富证券为代销机构的公告,2019-09-04,证券时报电子报
创金合信国企活力混合型证券投资基金招募说明书（更新）摘要,2019-09-05,证券时报电子报
创金合信国证2000指数发起式证券投资基金招募说明书（更新）摘要,2019-09-20,证券时报电子报
创金合信恒兴中短债债券型证券投资基金调整大额申购、大额转换转入业务金额限制的公告,2019-09-24,证券时报电子报
创金合信基金管理有限公司关于旗下部分开放式基金增加中信建投证券为代销机构的公告,2019-09-25,证券时报电子报
创金合信国企活力混合型证券投资基金基金经理变更公告,2019-09-26,证券时报电子报
创金合信基金管理有限公司关于旗下部分开放式基金增加中信证券为代销机构的公告,2019-09-26,证券时报电子报
创金合信国企活力混合型证券投资基金招募说明书（更新）摘要,2019-09-27,证券时报电子报
创金合信鑫日享短债债券型证券投资基金暂停大额申购、大额转换转入业务金额限制的公告,2019-10-16,证券时报电子报
创金合信基金管理有限公司旗下部分基金2019年第三季度报告提示性公告,2019-10-23,证券时报电子报
创金合信中债1-3年国开行债券指数证券投资基金基金合同及招募说明书提示性公告,2019-10-24,证券时报电子报
创金合信中债1-3年国开行债券指数证券投资基金基金份额发售公告,2019-10-24,证券时报电子报
创金合信汇誉纯债六个月定期开放债券型证券投资基金分红公告,2019-11-12,证券时报电子报
创金合信基金管理有限公司关于旗下部分开放式基金增加中信建投证券为代销机构的公告,2019-11-13,证券时报电子报
创金合信基金管理有限公司关于旗下部分开放式基金增加中证金牛为代销机构暨参加中证金牛费率优惠活动的公告,2019-11-15,证券时报电子报
创金合信基金管理有限公司关于创金合信中债１－３年国开行债券指数证券投资基金提前结束募集的公告,2019-11-15,证券时报电子报
创金合信基金管理有限公司关于旗下部分开放式基金增加中信期货、中信证券（山东）为代销机构的公告,2019-11-16,证券时报电子报
创金合信中债1-3年国开行债券指数证券投资基金基金合同生效公告,2019-11-22,证券时报电子报
关于深圳前海凯恩斯基金销售有限公司终止代销创金合信基金管理有限公司旗下基金的公告,2019-11-27,证券时报电子报
创金合信基金管理有限公司关于创金合信科技成长主题股票型发起式证券投资基金增加中国工商银行为代销机构的公告,2019-11-29,证券时报电子报
创金合信基金管理有限公司关于旗下电子直销交易平台实施费率优惠的公告,2019-11-30,证券时报电子报
创金合信中债1-3年国开行债券指数证券投资基金开放日常申购、赎回、转换及定期定额投资业务的公告,2019-12-06,证券时报电子报
创金合信基金管理有限公司关于旗下部分开放式基金增加兴业银行为代销机构的公告,2019-12-10,证券时报电子报
创金合信基金管理有限公司关于旗下部分开放式基金增加中信期货、中信证券、中信证券（山东）为代销机构的公告,2019-12-13,证券时报电子报
创金合信聚利债券型证券投资基金基金经理变更公告,2019-12-19,证券时报电子报
创金合信基金管理有限公司关于调整旗下基金对账单服务形式的公告,2019-12-19,证券时报电子报
创金合信聚利债券型证券投资基金招募说明书提示性公告,2019-12-19,证券时报电子报
创金合信中债1-3年国开行债券指数证券投资基金招募说明书提示性公告,2019-12-21,证券时报电子报
创金合信基金管理有限公司关于创金合信恒兴中短债债券型证券投资基金增加太平洋证券为代销机构的公告,2019-12-23,证券时报电子报
