创金合信鑫优选灵活配置混合型证券投资基金招募说明书,2015-11-14,证券日报电子报
创金合信鑫优选灵活配置混合型证券投资基金基金份额发售公告,2015-11-14,证券日报电子报
创金合信鑫优选灵活配置混合型证券投资基金基金份额发售公告,2015-11-14,证券日报电子报
创金合信鑫优选灵活配置混合型证券投资基金基金份额发售公告,2015-11-14,证券日报电子报
创金合信基金管理有限公司创金合信鑫优选灵活配置混合型证券投资基金基金合同摘要,2015-11-14,证券日报电子报
创金合信鑫优选灵活配置混合型证券投资基金基金份额发售公告,2015-11-14,证券日报电子报
创金合信基金管理有限公司关于创金合信鑫优选灵活配置混合型证券投资基金提前结束募集的公告,2015-11-18,证券日报电子报
创金合信鑫优选灵活配置混合型证券投资基金基金合同生效公告,2015-11-20,证券日报电子报
创金合信基金管理有限公司关于增加浙江同花顺基金销售有限公司为旗下基金代销机构并参与其费率优惠活动的公告,2015-11-25,证券日报电子报
创金合信鑫优选灵活配置混合型证券投资基金基金经理变更公告,2015-11-27,证券日报电子报
创金合信中证500指数增强型发起式证券投资基金招募说明书,2015-12-26,证券日报电子报
创金合信中证500指数增强型发起式证券投资基金招募说明书,2015-12-26,证券日报电子报
创金合信中证500指数增强型发起式证券投资基金招募说明书,2015-12-26,证券日报电子报
创金合信中证500指数增强型发起式证券投资基金基金份额发售公告,2015-12-26,证券日报电子报
创金合信中证500指数增强型发起式证券投资基金招募说明书,2015-12-26,证券日报电子报
关于运用固有资金作为发起资金认购创金合信中证500指数增强型发起式证券投资基金的公告,2015-12-26,证券日报电子报
创金合信沪深300指数增强型发起式证券投资基金招募说明书,2015-12-26,证券日报电子报
关于运用固有资金作为发起资金认购创金合信沪深300指数增强型发起式证券投资基金的公告,2015-12-26,证券日报电子报
创金合信沪深300指数增强型发起式证券投资基金招募说明书,2015-12-26,证券日报电子报
创金合信沪深300指数增强型发起式证券投资基金招募说明书,2015-12-26,证券日报电子报
创金合信基金管理有限公司创金合信沪深300指数增强型发起式证券投资基金基金合同摘要,2015-12-26,证券日报电子报
创金合信沪深300指数增强型发起式证券投资基金基金份额发售公告,2015-12-26,证券日报电子报
创金合信基金管理有限公司关于调整创金合信鑫优选灵活配置混合型证券投资基金C类份额赎回费率的公告,2015-12-29,证券日报电子报
创金合信鑫优选灵活配置混合型证券投资基金开放日常申购、赎回和定期定额投资业务公告,2015-12-29,证券日报电子报
关于指数熔断机制实施后对创金合信基金管理有限公司旗下公募基金业务规则影响的公告,2015-12-31,证券日报电子报
创金合信沪深300指数增强型发起式证券投资基金基金合同生效公告,2016-01-04,证券日报电子报
创金合信中证500指数增强型发起式证券投资基金基金合同生效公告,2016-01-04,证券日报电子报
创金合信沪深300指数增强型发起式证券投资基金基金经理变更公告,2016-01-09,证券日报电子报
创金合信中证500指数增强型发起式证券投资基金基金经理变更公告,2016-01-09,证券日报电子报
创金合信基金管理有限公司关于创金合信沪深300指数增强型发起式证券投资基金、创金合信中证500指数增强型发起式证券投资基金增加代销机构的公告,2016-01-22,证券日报电子报
创金合信沪深300指数增强型发起式证券投资基金开放日常申购、赎回和定期定额投资业务公告,2016-01-23,证券日报电子报
创金合信中证500指数增强型发起式证券投资基金开放日常申购、赎回和定期定额投资业务公告,2016-01-23,证券日报电子报
创金合信尊享纯债债券型证券投资基金招募说明书,2016-01-30,证券日报电子报
创金合信尊享纯债债券型证券投资基金招募说明书,2016-01-30,证券日报电子报
创金合信尊享纯债债券型证券投资基金招募说明书,2016-01-30,证券日报电子报
创金合信基金管理有限公司创金合信尊享纯债债券型证券投资基金基金合同摘要,2016-01-30,证券日报电子报
创金合信尊享纯债债券型证券投资基金基金份额发售公告,2016-01-30,证券日报电子报
创金合信基金管理有限公司关于创金合信尊享纯债债券型证券投资基金提前结束募集的公告,2016-03-05,证券日报电子报
创金合信尊享纯债债券型证券投资基金基金合同生效公告,2016-03-12,证券日报电子报
创金合信基金管理有限公司关于旗下部分基金增加代销机构的公告,2016-03-30,证券日报电子报
创金合信尊享纯债债券型证券投资基金开放日常申购、赎回和定期定额投资业务公告,2016-04-12,证券日报电子报
创金合信基金王一兵：“不踩雷”是债券投资规避风险的第一要素,2016-04-15,证券日报电子报
创金合信尊享纯债债券型证券投资基金暂停大额申购公告,2016-04-19,证券日报电子报
创金合信基金管理有限公司关于旗下部分基金增加代销机构的公告,2016-04-20,证券日报电子报
创金合信沪深300指数增强型发起式证券投资基金2016年第1季度报告,2016-04-22,证券日报电子报
创金合信鑫优选灵活配置混合型证券投资基金2016年第1季度报告,2016-04-22,证券日报电子报
创金合信中证500指数增强型发起式证券投资基金2016年第1季度报告,2016-04-22,证券日报电子报
创金合信基金管理有限公司关于旗下部分基金增加代销机构的公告,2016-06-02,证券日报电子报
创金合信尊享纯债债券型证券投资基金分红公告,2016-06-23,证券日报电子报
创金合信基金管理有限公司关于旗下基金开展微信直销平台认购费率优惠活动的公告,2016-06-24,证券日报电子报
创金合信基金管理有限公司关于旗下部分基金估值方法变更的提示性公告,2016-06-29,证券日报电子报
创金合信鑫优选灵活配置混合型证券投资基金招募说明书（更新）摘要,2016-06-30,证券日报电子报
创金合信鑫优选灵活配置混合型证券投资基金招募说明书（更新）摘要,2016-06-30,证券日报电子报
创金合信尊享纯债债券型证券投资基金2016年第2季度报告,2016-07-20,证券日报电子报
创金合信中证500指数增强型发起式证券投资基金2016年第2季度报告,2016-07-20,证券日报电子报
创金合信鑫优选灵活配置混合型证券投资基金2016年第2季度报告,2016-07-20,证券日报电子报
创金合信沪深300指数增强型发起式证券投资基金2016年第2季度报告,2016-07-20,证券日报电子报
创金合信基金管理有限公司关于旗下部分基金增加代销机构的公告,2016-07-28,证券日报电子报
创金合信基金管理有限公司关于旗下部分基金增加代销机构的公告,2016-07-28,证券日报电子报
创金合信基金管理有限公司关于调整旗下部分开放式基金申购金额下限及最低持有金额下限的公告,2016-08-10,证券日报电子报
创金合信尊享纯债债券型证券投资基金恢复大额申购公告,2016-08-13,证券日报电子报
创金合信基金关于调整官方微信平台认购及申购费率的公告,2016-08-17,证券日报电子报
创金合信尊享纯债债券型证券投资基金暂停大额申购的公告,2016-08-18,证券日报电子报
创金合信鑫价值灵活配置混合型证券投资基金招募说明书,2016-08-19,证券日报电子报
创金合信鑫价值灵活配置混合型证券投资基金招募说明书,2016-08-19,证券日报电子报
创金合信鑫价值灵活配置混合型证券投资基金招募说明书,2016-08-19,证券日报电子报
创金合信基金管理有限公司创金合信鑫价值灵活配置混合型证券投资基金基金合同摘要,2016-08-19,证券日报电子报
创金合信鑫价值灵活配置混合型证券投资基金基金份额发售公告,2016-08-19,证券日报电子报
创金合信鑫优选灵活配置混合型证券投资基金增加代销机构的公告,2016-08-19,证券日报电子报
创金合信基金管理有限公司旗下部分开放式证券投资基金增加诺亚财富为代销机构的公告,2016-08-24,证券日报电子报
创金合信基金管理有限公司关于创金合信鑫价值灵活配置混合型证券投资基金提前结束募集的公告,2016-08-24,证券日报电子报
创金合信基金管理有限公司旗下部分开放式证券投资基金增加京东金融为代销机构的公告,2016-08-26,证券日报电子报
创金合信鑫优选灵活配置混合型证券投资基金2016年半年度报告摘要,2016-08-27,证券日报电子报
创金合信尊享纯债债券型证券投资基金2016年半年度报告摘要,2016-08-27,证券日报电子报
创金合信中证500指数增强型发起式证券投资基金2016年半年度报告摘要,2016-08-27,证券日报电子报
创金合信沪深300指数增强型发起式证券投资基金2016年半年度报告摘要,2016-08-27,证券日报电子报
创金合信鑫价值灵活配置混合型证券投资基金基金合同生效公告,2016-08-31,证券日报电子报
创金合信基金关于针对旗下部分开放式证券投资基金调整直销柜台申购金额的公告,2016-09-06,证券日报电子报
创金合信基金管理有限公司旗下部分开放式证券投资基金增加大泰金石为代销机构的公告,2016-09-06,证券日报电子报
创金合信尊享纯债债券型证券投资基金恢复大额申购公告,2016-09-10,证券日报电子报
创金合信鑫价值灵活配置混合型证券投资基金基金经理变更公告,2016-09-21,证券日报电子报
创金合信基金管理有限公司旗下部分开放式证券投资基金增加中信建投为代销机构的公告,2016-09-21,证券日报电子报
创金合信基金管理有限公司旗下部分开放式证券投资基金增加中信建投为代销机构的公告,2016-09-23,证券日报电子报
11家“80后”基金公司规模超百亿元创金合信等四公司借道专户“超车”,2016-10-10,证券日报电子报
创金合信尊享纯债债券型证券投资基金暂停大额申购的公告,2016-10-11,证券日报电子报
创金合信尊泰纯债债券型证券投资基金招募说明书,2016-10-11,证券日报电子报
创金合信尊泰纯债债券型证券投资基金招募说明书,2016-10-11,证券日报电子报
创金合信尊泰纯债债券型证券投资基金招募说明书,2016-10-11,证券日报电子报
创金合信基金管理有限公司创金合信尊泰纯债债券型证券投资基金基金合同摘要,2016-10-11,证券日报电子报
创金合信尊泰纯债债券型证券投资基金基金份额发售公告,2016-10-11,证券日报电子报
创金合信基金 专户规模1年增幅657%,2016-10-17,证券日报电子报
创金合信基金管理有限公司关于创金合信尊泰纯债债券型证券投资基金提前结束募集的公告,2016-10-18,证券日报电子报
创金合信基金管理有限公司旗下部分开放式证券投资基金增加大智慧财富为代销机构的公告,2016-10-18,证券日报电子报
创金合信基金管理有限公司旗下部分开放式证券投资基金增加代销机构的公告,2016-10-20,证券日报电子报
创金合信基金管理有限公司旗下部分开放式证券投资基金增加上海基煜基金销售有限公司为代销机构的公告,2016-10-20,证券日报电子报
创金合信尊泰纯债债券型证券投资基金合同生效公告,2016-10-22,证券日报电子报
创金合信尊享纯债债券型证券投资基金2016年第3季度报告,2016-10-24,证券日报电子报
创金合信鑫优选灵活配置混合型证券投资基金2016年第3季度报告,2016-10-24,证券日报电子报
创金合信沪深300指数增强型发起式证券投资基金2016年第3季度报告,2016-10-24,证券日报电子报
创金合信中证500指数增强型发起式证券投资基金2016年第3季度报告,2016-10-24,证券日报电子报
创金合信基金管理有限公司旗下部分开放式证券投资基金增加金融界为代销机构的公告,2016-11-01,证券日报电子报
创金合信鑫优选灵活配置混合型证券投资基金暂停大额申购业务的公告,2016-11-17,证券日报电子报
创金合信基金管理有限公司关于创金合信尊泰纯债债券型证券投资基金解除天天基金代销的公告,2016-11-19,证券日报电子报
创金合信基金程志田：分散投资可有效规避“黑天鹅”,2016-11-21,证券日报电子报
创金合信鑫价值灵活配置混合型证券投资基金开放日常申购、赎回业务的公告,2016-11-22,证券日报电子报
创金合信基金关于针对旗下部分开放式证券投资基金调整直销柜台申购金额的公告,2016-11-24,证券日报电子报
创金合信基金管理有限公司关于提请投资者及时更新过期身份证件或身份证明文件的公告,2016-11-25,证券日报电子报
创金合信基金管理有限公司关于养老金账户通过直销柜台申购、转换转入旗下部分基金产品费率优惠的公告,2016-11-26,证券日报电子报
创金合信基金关于针对旗下部分开放式证券投资基金调整直销柜台申购费率的公告,2016-12-08,证券日报电子报
创金合信尊泰纯债债券型证券投资基金开放日常申购、赎回业务公告,2016-12-09,证券日报电子报
创金合信基金管理有限公司旗下部分开放式证券投资基金增加华信证券为代销机构的公告,2016-12-15,证券日报电子报
创金合信尊享纯债债券型证券投资基金分红公告,2016-12-15,证券日报电子报
创金合信尊泰纯债债券型证券投资基金暂停大额申购公告,2016-12-15,证券日报电子报
创金合信基金管理有限公司关于直销柜台专用传真号变更的公告,2016-12-15,证券日报电子报
创金合信鑫优选灵活配置混合型证券投资基金招募说明书（更新）摘要（2016年第2号）,2016-12-22,证券日报电子报
创金合信中证500指数增强型发起式证券投资基金暂停大额申购的公告,2016-12-23,证券日报电子报
创金合信基金管理有限公司旗下部分开放式证券投资基金增加和讯为代销机构的公告,2016-12-24,证券日报电子报
创金合信沪深300指数增强型发起式证券投资基金暂停大额申购的公告,2016-12-24,证券日报电子报
创金合信基金管理有限公司关于旗下部分开放式证券投资基金增加永鑫保险为代销机构的公告,2016-12-28,证券日报电子报
创金合信基金管理有限公司关于调整旗下部分开放式证券投资基金申购及赎回金额的公告,2017-01-04,证券日报电子报
创金合信鑫优选灵活配置混合型证券投资基金恢复大额申购公告,2017-01-07,证券日报电子报
创金合信沪深300指数增强型发起式证券投资基金2016年第4季度报告,2017-01-23,证券日报电子报
创金合信鑫价值灵活配置混合型证券投资基金2016年第4季度报告,2017-01-23,证券日报电子报
创金合信鑫优选灵活配置混合型证券投资基金2016年第4季度报告,2017-01-23,证券日报电子报
创金合信中证500指数增强型发起式证券投资基金2016年第4季度报告,2017-01-23,证券日报电子报
创金合信尊享纯债债券型证券投资基金2016年第4季度报告,2017-01-23,证券日报电子报
创金合信尊泰纯债债券型证券投资基金2016年第4季度报告,2017-01-23,证券日报电子报
创金合信基金管理有限公司旗下部分开放式证券投资基金增加蛋卷基金为代销机构的公告,2017-01-24,证券日报电子报
创金合信基金管理有限公司关于参与招行摩羯智投申购的交易费率优惠活动的公告,2017-01-24,证券日报电子报
创金合信基金管理有限公司旗下部分开放式证券投资基金增加平安证券为代销机构的公告,2017-02-09,证券日报电子报
创金合信量化核心混合型证券投资基金招募说明书,2017-02-16,证券日报电子报
创金合信量化核心混合型证券投资基金招募说明书,2017-02-16,证券日报电子报
创金合信量化核心混合型证券投资基金招募说明书,2017-02-16,证券日报电子报
创金合信量化核心混合型证券投资基金份额发售公告,2017-02-16,证券日报电子报
创金合信基金管理有限公司关于旗下部分基金增加代销机构的公告,2017-02-16,证券日报电子报
创金合信基金管理有限公司创金合信量化核心混合型证券投资基金基金合同摘要,2017-02-16,证券日报电子报
天山股份周涨15.49%成最热股票创金合信基金独门重仓先吃 “螃蟹”,2017-02-20,证券日报电子报
创金合信基金管理有限公司关于旗下创金合信量化核心混合型证券投资基金参与第一创业证券的费率优惠活动的公告,2017-02-21,证券日报电子报
创金合信基金管理有限公司关于直销柜台申购费率优惠政策调整的公告,2017-02-22,证券日报电子报
创金合信沪深300指数增强型发起式证券投资基金招募说明书（更新）摘要,2017-02-24,证券日报电子报
创金合信沪深300指数增强型发起式证券投资基金招募说明书（更新）摘要,2017-02-24,证券日报电子报
创金合信中证500指数增强型发起式证券投资基金暂停大额申购业务的公告,2017-03-01,证券日报电子报
创金合信沪深300指数增强型发起式证券投资基金暂停大额申购业务的公告,2017-03-01,证券日报电子报
创金合信基金管理有限公司关于调整创金合信鑫价值灵活配置混合型证券投资基金A类份额赎回费率的公告,2017-03-02,证券日报电子报
创金合信尊泰纯债债券型证券投资基金恢复大额申购公告,2017-03-02,证券日报电子报
创金合信量化核心混合型证券投资基金关于增加华泰证券为代销机构的公告,2017-03-02,证券日报电子报
创金合信尊泰纯债债券型证券投资基金暂停大额申购公告,2017-03-04,证券日报电子报
创金合信尊泰纯债债券型证券投资基金恢复大额申购公告,2017-03-08,证券日报电子报
创金合信量化核心混合型证券投资基金关于增加兴业银行为代销机构的公告,2017-03-08,证券日报电子报
创金合信中证500指数增强型发起式证券投资基金招募说明书（更新）摘要,2017-03-11,证券日报电子报
创金合信尊泰纯债债券型证券投资基金暂停大额申购公告,2017-03-14,证券日报电子报
创金合信基金管理有限公司旗下部分开放式证券投资基金增加上海基煜为代销机构的公告,2017-03-16,证券日报电子报
创金合信基金管理有限公司关于旗下部分开放式证券投资基金增加华润银行为代销机构的公告,2017-03-22,证券日报电子报
创金合信基金管理有限公司关于旗下部分开放式证券投资基金增加汇成基金为代销机构的公告,2017-03-24,证券日报电子报
创金合信中证500指数增强型发起式证券投资基金2016年年度报告摘要,2017-03-27,证券日报电子报
创金合信沪深300指数增强型发起式证券投资基金2016年年度报告摘要,2017-03-27,证券日报电子报
创金合信中证500指数增强型发起式证券投资基金2016年年度报告摘要,2017-03-27,证券日报电子报
创金合信沪深300指数增强型发起式证券投资基金2016年年度报告摘要,2017-03-27,证券日报电子报
创金合信尊享纯债债券型证券投资基金2016年年度报告摘要,2017-03-27,证券日报电子报
创金合信鑫价值灵活配置混合型证券投资基金2016年年度报告摘要,2017-03-27,证券日报电子报
创金合信鑫优选灵活配置混合型证券投资基金2016年年度报告摘要,2017-03-27,证券日报电子报
创金合信尊泰纯债债券型证券投资基金2016年年度报告摘要,2017-03-27,证券日报电子报
创金合信量化核心混合型证券投资基金基金合同生效公告,2017-03-28,证券日报电子报
创金合信沪深300指数增强型发起式证券投资基金暂停大额申购业务的公告,2017-04-07,证券日报电子报
创金合信鑫价值灵活配置混合型证券投资基金招募说明书（更新）摘要,2017-04-14,证券日报电子报
上市公司再融资新规满两月创金合信基金曹春林详解特定投资机会,2017-04-17,证券日报电子报
创金合信基金管理有限公司关于公司旗下部分基金估值调整情况的公告,2017-04-20,证券日报电子报
创金合信鑫价值灵活配置混合型证券投资基金2017年第1季度报告,2017-04-21,证券日报电子报
创金合信沪深300指数增强型发起式证券投资基金2017年第1季度报告,2017-04-21,证券日报电子报
创金合信鑫优选灵活配置混合型证券投资基金2017年第1季度报告,2017-04-21,证券日报电子报
创金合信中证500指数增强型发起式证券投资基金2017年第1季度报告,2017-04-21,证券日报电子报
创金合信尊泰纯债债券型证券投资基金2017年第1季度报告,2017-04-21,证券日报电子报
创金合信尊享纯债债券型证券投资基金2017年第1季度报告,2017-04-21,证券日报电子报
创金合信尊享纯债债券型证券投资基金招募说明书（更新）摘要,2017-04-25,证券日报电子报
创金合信基金管理有限公司旗下部分开放式证券投资基金增加安信证券为代销机构的公告,2017-04-26,证券日报电子报
创金合信基金管理有限公司关于公司旗下部分基金估值调整情况的公告,2017-05-22,证券日报电子报
创金合信量化核心混合型证券投资基金开放日常申购、赎回和定期定额投资业务公告,2017-05-25,证券日报电子报
创金合信中证500指数增强型发起式证券投资基金C关于增加微众银行为代销机构的公告,2017-06-01,证券日报电子报
创金合信基金管理有限公司关于创金合信量化核心混合型证券投资基金参加第一创业证券费率优惠活动的公告,2017-06-01,证券日报电子报
创金合信尊泰纯债债券型证券投资基金招募说明书（更新）摘要,2017-06-02,证券日报电子报
创金合信基金管理有限公司关于旗下部分开放式证券投资基金增加前海凯恩斯为代销机构的公告,2017-06-05,证券日报电子报
创金合信尊智纯债债券型证券投资基金招募说明书,2017-06-06,证券日报电子报
创金合信尊智纯债债券型证券投资基金招募说明书,2017-06-06,证券日报电子报
创金合信尊智纯债债券型证券投资基金招募说明书,2017-06-06,证券日报电子报
创金合信基金管理有限公司创金合信尊智纯债债券型证券投资基金基金合同摘要,2017-06-06,证券日报电子报
创金合信尊智纯债债券型证券投资基金基金份额发售公告,2017-06-06,证券日报电子报
创金合信基金管理有限公司关于创金合信尊智纯债债券型证券投资基金提前结束募集的公告,2017-06-12,证券日报电子报
创金合信基金管理有限公司关于开通旗下部分开放式基金转换业务的公告,2017-06-13,证券日报电子报
创金合信尊智纯债债券型证券投资基金基金合同生效公告,2017-06-17,证券日报电子报
创金合信尊智纯债债券型证券投资基金开放日常申购、赎回业务的公告,2017-06-20,证券日报电子报
创金合信基金管理有限公司关于旗下部分基金及其代销机构一览表的公告,2017-06-23,证券日报电子报
创金合信基金管理有限公司关于旗下部分开放式基金增加代销机构暨参加代销机构费率优惠活动的公告,2017-06-28,证券日报电子报
创金合信鑫优选灵活配置混合型证券投资基金招募说明书（更新）摘要,2017-06-30,证券日报电子报
关于创金合信基金管理有限公司旗下部分开放式基金开通在代销机构转换业务的公告,2017-07-04,证券日报电子报
创金合信基金管理有限公司关于公司旗下部分基金估值调整情况的公告,2017-07-04,证券日报电子报
关于创金合信基金管理有限公司旗下部分开放式基金开通在微信直销平台转换业务的公 告,2017-07-10,证券日报电子报
创金合信基金管理有限公司关于旗下创金合信尊泰纯债债券型证券投资基金增加微信直销平台为销售渠道的公告,2017-07-11,证券日报电子报
创金合信基金管理有限公司关于旗下部分开放式基金增加东莞证券为代销机构的公告,2017-07-14,证券日报电子报
创金合信基金管理有限公司关于旗下部分开放式基金增加凯石财富为代销机构的公告,2017-07-14,证券日报电子报
创金合信中证500指数增强型发起式证券投资基金2017年第二季度报告,2017-07-19,证券日报电子报
创金合信沪深300指数增强型发起式证券投资基金2017年第二季度报告,2017-07-19,证券日报电子报
创金合信鑫优选灵活配置混合型证券投资基金2017年第二季度报告,2017-07-19,证券日报电子报
创金合信鑫价值灵活配置混合型证券投资基金2017年第二季度报告,2017-07-19,证券日报电子报
创金合信量化核心混合型证券投资基金2017年第二季度报告,2017-07-19,证券日报电子报
创金合信尊泰纯债债券型证券投资基金2017年第二季度报告,2017-07-19,证券日报电子报
创金合信尊享纯债债券型证券投资基金2017年第二季度报告,2017-07-19,证券日报电子报
创金合信尊享纯债债券型证券投资基金基金经理变更公告,2017-07-20,证券日报电子报
创金合信基金管理有限公司关于调整旗下创金合信鑫优选灵活配置混合型证券投资基金申购金额、赎回份额及最低保有份额的公告,2017-07-21,证券日报电子报
创金合信基金管理有限公司关于旗下部分开放式基金增加唐鼎耀华为代销机构的公告,2017-07-26,证券日报电子报
创金合信基金管理有限公司关于旗下部分开放式基金参加华泰证券费率优惠活动的公告,2017-08-01,证券日报电子报
创金合信基金管理有限公司关于旗下部分开放式基金增加凤凰金融为代销机构的公告,2017-08-01,证券日报电子报
创金合信基金管理有限公司关于创金合信鑫价值灵活配置混合型证券投资基金调整直销柜台申购金额的公告,2017-08-04,证券日报电子报
创金合信基金管理有限公司关于创金合信鑫价值灵活配置混合型证券投资基金份额净值精度调整的公告,2017-08-05,证券日报电子报
创金合信基金管理有限公司关于旗下部分开放式基金增加平安银行为代销机构的公告,2017-08-09,证券日报电子报
创金合信基金管理有限公司关于公司旗下部分基金估值调整情况的公告,2017-08-09,证券日报电子报
创金合信沪深300指数增强型发起式证券投资基金招募说明书（更新）摘要,2017-08-11,证券日报电子报
创金合信中证500指数增强型发起式证券投资基金招募说明书（更新）摘要,2017-08-11,证券日报电子报
创金合信基金管理有限公司关于旗下部分开放式基金增加挖财基金为代销机构的公告,2017-08-14,证券日报电子报
创金合信基金管理有限公司关于旗下证券投资基金估值调整情况的公告,2017-08-15,证券日报电子报
创金合信尊享纯债债券型证券投资基金2017年半年度报告摘要,2017-08-25,证券日报电子报
创金合信尊泰纯债债券型证券投资基金2017年半年度报告摘要,2017-08-25,证券日报电子报
创金合信中证500指数增强型发起式证券投资基金2017年半年度报告摘要,2017-08-25,证券日报电子报
创金合信鑫优选灵活配置混合型证券投资基金2017年半年度报告摘要,2017-08-25,证券日报电子报
创金合信鑫价值灵活配置混合型证券投资基金2017年半年度报告摘要,2017-08-25,证券日报电子报
创金合信沪深300指数增强型发起式证券投资基金2017年半年度报告摘要,2017-08-25,证券日报电子报
创金合信量化核心混合型证券投资基金2017年半年度报告摘要,2017-08-25,证券日报电子报
创金合信基金管理有限公司关于旗下部分开放式基金增加万家财富为代销机构的公告,2017-08-28,证券日报电子报
创金合信基金管理有限公司关于旗下部分开放式基金增加大智慧为代销机构的公告,2017-08-29,证券日报电子报
创金合信基金管理有限公司关于旗下部分开放式基金增加中泰证券为代销机构暨参加中泰证券费率优惠活动的公告,2017-09-08,证券日报电子报
创金合信量化核心混合型证券投资基金基金经理变更公告,2017-09-12,证券日报电子报
创金合信基金管理有限公司关于旗下部分开放式基金增加光大证券为代销机构的公告,2017-09-13,证券日报电子报
创金合信基金管理有限公司关于旗下部分开放式基金增加世纪证券为代销机构的公告,2017-10-13,证券日报电子报
创金合信鑫价值灵活配置混合型证券投资基金招募说明书（更新）摘要,2017-10-13,证券日报电子报
创金合信基金管理有限公司关于旗下部分开放式基金增加包商银行为代销机构的公告,2017-10-19,证券日报电子报
关于创金合信中证1000指数增强型发起式证券投资基金恢复大额申购、大额转换转入业务的公告,2017-10-24,证券日报电子报
关于创金合信中证500指数增强型发起式证券投资基金恢复大额申购、大额转换转入业务的公告,2017-10-24,证券日报电子报
关于创金合信沪深300指数增强型发起式证券投资基金恢复大额申购、大额转换转入业务的公告,2017-10-24,证券日报电子报
创金合信尊享纯债债券型证券投资基金招募说明书（更新）摘要,2017-10-25,证券日报电子报
创金合信中证500指数增强型发起式证券投资基金2017年第3季度报告,2017-10-27,证券日报电子报
创金合信尊泰纯债债券型证券投资基金2017年第3季度报告,2017-10-27,证券日报电子报
创金合信鑫价值灵活配置混合型证券投资基金2017年第3季度报告,2017-10-27,证券日报电子报
创金合信鑫优选灵活配置混合型证券投资基金2017年第3季度报告,2017-10-27,证券日报电子报
创金合信沪深300指数增强型发起式证券投资基金2017年第3季度报告,2017-10-27,证券日报电子报
创金合信量化核心混合型证券投资基金2017年第3季度报告,2017-10-27,证券日报电子报
创金合信尊智纯债债券型证券投资基金2017年第3季度报告,2017-10-27,证券日报电子报
创金合信尊享纯债债券型证券投资基金2017年第3季度报告,2017-10-27,证券日报电子报
创金合信基金管理有限公司关于公司旗下部分基金估值调整情况的公告,2017-11-03,证券日报电子报
创金合信量化核心混合型证券投资基金招募说明书（更新）摘要,2017-11-10,证券日报电子报
创金合信基金管理有限公司关于公司旗下部分基金估值调整情况的公告,2017-11-28,证券日报电子报
创金合信尊泰纯债债券型证券投资基金招募说明书（更新）摘要,2017-12-04,证券日报电子报
创金合信尊智纯债债券型证券投资基金分红公告,2017-12-11,证券日报电子报
创金合信尊泰纯债债券型证券投资基金分红公告,2017-12-12,证券日报电子报
创金合信科技成长主题股票型发起式证券投资基金招募说明书,2017-12-18,证券日报电子报
创金合信科技成长主题股票型发起式证券投资基金招募说明书,2017-12-18,证券日报电子报
创金合信科技成长主题股票型发起式证券投资基金招募说明书,2017-12-18,证券日报电子报
创金合信科技成长主题股票型发起式证券投资基金基金份额发售公告,2017-12-18,证券日报电子报
创金合信基金管理有限公司创金合信科技成长主题股票型发起式证券投资基金基金合同内容摘要,2017-12-18,证券日报电子报
创金合信基金管理有限公司关于旗下部分开放式基金增加代销机构的公告,2017-12-20,证券日报电子报
创金合信沪深300指数增强型发起式证券投资基金分红公告,2017-12-21,证券日报电子报
创金合信基金管理有限公司关于旗下部分开放式基金增加代销机构的公告,2017-12-22,证券日报电子报
创金合信基金管理有限公司关于创金合信科技成长主题股票型发起式证券投资基金提前结束募集的公告,2017-12-22,证券日报电子报
创金合信基金管理有限公司关于旗下部分开放式基金增加广发期货为代销机构的公告,2017-12-25,证券日报电子报
创金合信科技成长主题股票型发起式证券投资基金基金合同生效公告,2017-12-29,证券日报电子报
创金合信基金管理有限公司关于增值税对资产管理产品影响告投资者通知书,2017-12-30,证券日报电子报
创金合信鑫优选灵活配置混合型证券投资基金招募说明书（更新）摘要,2018-01-02,证券日报电子报
沪深300增强指基吸金最强 创金合信资源基金份额猛增30倍,2018-01-08,证券日报电子报
创金合信科技成长主题股票型发起式证券投资基金开放日常申购、赎回、转换、定期定额投资业务的公告,2018-01-09,证券日报电子报
创金合信价值红利灵活配置混合型证券投资基金招募说明书,2018-01-16,证券日报电子报
创金合信价值红利灵活配置混合型证券投资基金招募说明书,2018-01-16,证券日报电子报
创金合信价值红利灵活配置混合型证券投资基金基金份额发售公告,2018-01-16,证券日报电子报
创金合信价值红利灵活配置混合型证券投资基金招募说明书,2018-01-16,证券日报电子报
创金合信价值红利灵活配置混合型证券投资基金基金合同内容摘要,2018-01-16,证券日报电子报
创金合信价值红利灵活配置混合型证券投资基金基金份额发售公告,2018-01-16,证券日报电子报
创金合信量化核心混合型证券投资基金2017年第4季度报告,2018-01-19,证券日报电子报
创金合信沪深300指数增强型发起式证券投资基金2017年第4季度报告,2018-01-19,证券日报电子报
创金合信鑫价值灵活配置混合型证券投资基金2017年第4季度报告,2018-01-19,证券日报电子报
创金合信鑫优选灵活配置混合型证券投资基金2017年第4季度报告,2018-01-19,证券日报电子报
创金合信中证500指数增强型发起式证券投资基金2017年第4季度报告,2018-01-19,证券日报电子报
创金合信尊泰纯债债券型证券投资基金2017年第4季度报告,2018-01-19,证券日报电子报
创金合信尊智纯债债券型证券投资基金2017年第4季度报告,2018-01-19,证券日报电子报
创金合信尊享纯债债券型证券投资基金2017年第4季度报告,2018-01-19,证券日报电子报
创金合信尊智纯债债券型证券投资基金招募说明书（更新）摘要,2018-01-29,证券日报电子报
创金合信基金管理有限公司关于旗下部分开放式基金增加苏宁金融为代销机构的公告,2018-01-29,证券日报电子报
创金合信基金管理有限公司关于公司旗下部分基金估值调整情况的公告,2018-02-10,证券日报电子报
创金合信基金管理有限公司关于创金合信价值红利灵活配置混合型证券投资基金延长募集期的公告,2018-02-12,证券日报电子报
创金合信沪深300指数增强型发起式证券投资基金招募说明书（更新）摘要,2018-02-13,证券日报电子报
创金合信中证500指数增强型发起式证券投资基金招募说明书（更新）摘要,2018-02-13,证券日报电子报
创金合信基金管理有限公司关于公司旗下部分基金估值调整情况的公告,2018-02-22,证券日报电子报
创金合信基金管理有限公司关于旗下部分开放式基金在直销柜台开展费率优惠活动的公告,2018-02-28,证券日报电子报
创金合信基金管理有限公司关于旗下部分开放式基金增加平安银行为代销机构的公告,2018-03-05,证券日报电子报
创金合信基金管理有限公司关于创金合信价值红利灵活配置混合型证券投资基金延长募集期的公告,2018-03-09,证券日报电子报
创金合信尊泰纯债债券型证券投资基金暂停大额申购业务的公告,2018-03-09,证券日报电子报
创金合信基金管理有限公司关于旗下证券投资基金估值调整情况的公告,2018-03-13,证券日报电子报
创金合信尊泰纯债债券型证券投资基金分红公告,2018-03-14,证券日报电子报
创金合信基金关于创金合信价值红利灵活配置混合型证券投资基金增加部分代销机构的公告,2018-03-14,证券日报电子报
创金合信尊泰纯债债券型证券投资基金调整大额申购业务金额限制的公告,2018-03-15,证券日报电子报
创金合信基金管理有限公司关于创金合信价值红利灵活配置混合型证券投资基金增加第一创业证券为代销机构暨参加其费率优惠活动的公告,2018-03-15,证券日报电子报
创金合信基金管理有限公司关于旗下部分开放式基金增加代销机构的公告,2018-03-16,证券日报电子报
创金合信汇益纯债一年定期开放债券型证券投资基金招募说明书,2018-03-17,证券日报电子报
创金合信汇益纯债一年定期开放债券型证券投资基金招募说明书,2018-03-17,证券日报电子报
创金合信汇益纯债一年定期开放债券型证券投资基金基金份额发售公告,2018-03-17,证券日报电子报
创金合信汇益纯债一年定期开放债券型证券投资基金招募说明书,2018-03-17,证券日报电子报
创金合信汇益纯债一年定期开放债券型证券投资基金基金合同内容摘要,2018-03-17,证券日报电子报
创金合信汇益纯债一年定期开放债券型证券投资基金招募说明书,2018-03-17,证券日报电子报
创金合信汇誉纯债六个月定期开放债券型证券投资基金招募说明书,2018-03-17,证券日报电子报
创金合信汇誉纯债六个月定期开放债券型证券投资基金招募说明书,2018-03-17,证券日报电子报
创金合信汇誉纯债六个月定期开放债券型证券投资基金招募说明书,2018-03-17,证券日报电子报
创金合信汇誉纯债六个月定期开放债券型证券投资基金基金份额发售公告,2018-03-17,证券日报电子报
创金合信汇誉纯债六个月定期开放债券型证券投资基金基金合同内容摘要,2018-03-17,证券日报电子报
创金合信基金管理有限公司关于创金合信价值红利灵活配置混合型证券投资基金增加中信建投证券为代销机构的公告,2018-03-19,证券日报电子报
创金合信尊享纯债债券型证券投资基金分红公告,2018-03-21,证券日报电子报
创金合信基金管理有限公司关于创金合信价值红利灵活配置混合型证券投资基金增加部分代销机构的公告,2018-03-22,证券日报电子报
创金合信基金管理有限公司关于创金合信价值红利灵活配置混合型证券投资基金增加招商证券为代销机构的公告,2018-03-23,证券日报电子报
创金合信基金管理有限公司关于创金合信鑫价值灵活配置混合型证券投资基金修订基金合同、托管协议部分条款及调整赎回费相关规则的公告,2018-03-28,证券日报电子报
创金合信基金管理有限公司关于创金合信量化核心混合型证券投资基金修订基金合同、托管协议部分条款及调整赎回费相关规则的公告,2018-03-28,证券日报电子报
创金合信基金管理有限公司关于创金合信尊泰纯债债券型证券投资基金修订基金合同、托管协议部分条款及调整赎回费相关规则的公告,2018-03-28,证券日报电子报
创金合信基金管理有限公司关于创金合信中证500指数增强型发起式证券投资基金修订基金合同、托管协议部分条款及调整赎回费相关规则的公告,2018-03-28,证券日报电子报
创金合信基金管理有限公司关于创金合信鑫优选灵活配置混合型证券投资基金修订基金合同、托管协议部分条款及调整赎回费相关规则的公告,2018-03-28,证券日报电子报
创金合信基金管理有限公司关于创金合信尊智纯债债券型证券投资基金修订基金合同、托管协议部分条款及调整赎回费相关规则的公告,2018-03-28,证券日报电子报
创金合信基金管理有限公司关于创金合信尊享纯债债券型证券投资基金修订基金合同、托管协议部分条款及调整赎回费相关规则的公告,2018-03-28,证券日报电子报
创金合信基金管理有限公司关于创金合信沪深300指数增强型发起式证券投资基金修订基金合同、托管协议部分条款及调整赎回费相关规则的公告,2018-03-28,证券日报电子报
创金合信基金管理有限公司关于创金合信汇誉纯债六个月定期开放债券型证券投资基金增加东莞证券为代销机构的公告,2018-03-29,证券日报电子报
创金合信尊智纯债债券型证券投资基金2017年年度报告摘要,2018-03-31,证券日报电子报
创金合信尊享纯债债券型证券投资基金2017年年度报告摘要,2018-03-31,证券日报电子报
创金合信尊泰纯债债券型证券投资基金2017年年度报告摘要,2018-03-31,证券日报电子报
创金合信中证500指数增强型发起式证券投资基金2017年年度报告摘要,2018-03-31,证券日报电子报
创金合信中证500指数增强型发起式证券投资基金2017年年度报告摘要,2018-03-31,证券日报电子报
创金合信鑫价值灵活配置混合型证券投资基金2017年年度报告摘要,2018-03-31,证券日报电子报
创金合信鑫价值灵活配置混合型证券投资基金2017年年度报告摘要,2018-03-31,证券日报电子报
创金合信鑫优选灵活配置混合型证券投资基金2017年年度报告摘要,2018-03-31,证券日报电子报
创金合信鑫优选灵活配置混合型证券投资基金2017年年度报告摘要,2018-03-31,证券日报电子报
创金合信沪深300指数增强型发起式证券投资基金2017年年度报告摘要,2018-03-31,证券日报电子报
创金合信沪深300指数增强型发起式证券投资基金2017年年度报告摘要,2018-03-31,证券日报电子报
创金合信量化核心混合型证券投资基金2017年年度报告摘要,2018-03-31,证券日报电子报
创金合信量化核心混合型证券投资基金2017年年度报告摘要,2018-03-31,证券日报电子报
创金合信基金管理有限公司关于旗下部分开放式基金参加第一创业证券费率优惠活动的公告,2018-04-02,证券日报电子报
创金合信基金管理有限公司关于创金合信价值红利灵活配置混合型证券投资基金增加部分代销机构的公告,2018-04-04,证券日报电子报
创金合信基金管理有限公司关于创金合信价值红利灵活配置混合型证券投资基金增加英大证券为代销机构的公告,2018-04-09,证券日报电子报
创金合信基金管理有限公司关于旗下部分开放式基金增加招商银行为代销机构的公告,2018-04-10,证券日报电子报
创金合信鑫价值灵活配置混合型证券投资基金招募说明书（更新）摘要,2018-04-13,证券日报电子报
创金合信基金管理有限公司关于创金合信汇益纯债一年定期开放债券型证券投资基金延长募集期的公告,2018-04-18,证券日报电子报
创金合信基金管理有限公司关于创金合信汇誉纯债六个月定期开放债券型证券投资基金延长募集期的公告,2018-04-18,证券日报电子报
创金合信量化核心混合型证券投资基金2018年第1季度报告,2018-04-19,证券日报电子报
创金合信科技成长主题股票型发起式证券投资基金2018年第1季度报告,2018-04-19,证券日报电子报
创金合信中证500指数增强型发起式证券投资基金2018年第1季度报告,2018-04-19,证券日报电子报
创金合信鑫价值灵活配置混合型证券投资基金2018年第1季度报告,2018-04-19,证券日报电子报
创金合信尊享纯债债券型证券投资基金2018年第1季度报告,2018-04-19,证券日报电子报
创金合信尊泰纯债债券型证券投资基金2018年第1季度报告,2018-04-19,证券日报电子报
创金合信沪深300指数增强型发起式证券投资基金2018年第1季度报告,2018-04-19,证券日报电子报
创金合信鑫优选灵活配置混合型证券投资基金2018年第1季度报告,2018-04-19,证券日报电子报
创金合信尊智纯债债券型证券投资基金2018年第1季度报告,2018-04-19,证券日报电子报
创金合信基金管理有限公司关于旗下证券投资基金估值调整情况的公告,2018-04-20,证券日报电子报
创金合信尊享纯债债券型证券投资基金招募说明书（更新）摘要,2018-04-24,证券日报电子报
创金合信价值红利灵活配置混合型证券投资基金基金合同生效公告,2018-04-24,证券日报电子报
创金合信基金管理有限公司关于公司旗下部分基金估值调整情况的公告,2018-04-27,证券日报电子报
创金合信基金管理有限公司关于旗下部分开放式基金增加第一创业证券为代销机构的公告,2018-05-02,证券日报电子报
创金合信量化核心混合型证券投资基金招募说明书（更新）摘要,2018-05-10,证券日报电子报
创金合信基金管理有限公司关于旗下部分开放式基金增加代销机构的公告,2018-05-17,证券日报电子报
创金合信基金管理有限公司关于旗下开放式基金参与银河证券费率优惠活动的公告,2018-05-18,证券日报电子报
创金合信价值红利灵活配置混合型证券投资基金开放日常申购、赎回、转换及定期定额投资业务的公告,2018-05-22,证券日报电子报
创金合信基金管理有限公司关于旗下开放式基金参与第一创业证券费率优惠活动的公告,2018-05-24,证券日报电子报
创金合信尊泰纯债债券型证券投资基金招募说明书（更新）摘要,2018-06-04,证券日报电子报
创金合信基金管理有限公司关于旗下部分开放式基金增加广发证券为代销机构暨参加广发证券费率优惠活动的公告,2018-06-06,证券日报电子报
创金合信尊泰纯债债券型证券投资基金分红公告,2018-06-14,证券日报电子报
创金合信基金管理有限公司关于旗下证券投资基金估值调整情况的公告,2018-06-15,证券日报电子报
创金合信基金管理有限公司关于公司旗下部分基金估值调整情况的公告,2018-06-16,证券日报电子报
创金合信基金管理有限公司关于旗下证券投资基金估值调整情况的公告,2018-06-21,证券日报电子报
创金合信量化核心混合型证券投资基金暂停大额申购、大额转换转入业务的公告,2018-06-22,证券日报电子报
创金合信汇益纯债一年定期开放债券型证券投资基金基金合同生效公告,2018-06-27,证券日报电子报
创金合信汇誉纯债六个月定期开放债券型证券投资基金基金合同生效公告,2018-06-27,证券日报电子报
创金合信量化核心混合型证券投资基金分红公告,2018-06-27,证券日报电子报
创金合信量化核心混合型证券投资基金恢复大额申购、大额转换转入业务的公告,2018-06-28,证券日报电子报
创金合信基金管理有限公司关于旗下部分开放式基金增加济安财富为代销机构的公告,2018-06-28,证券日报电子报
创金合信基金管理有限公司关于旗下部分开放式基金增加恒泰证券为代销机构的公告,2018-06-29,证券日报电子报
创金合信鑫优选灵活配置混合型证券投资基金招募说明书（更新）摘要,2018-07-02,证券日报电子报
创金合信鑫优选灵活配置混合型证券投资基金招募说明书（更新）摘要,2018-07-02,证券日报电子报
创金合信基金管理有限公司关于公司旗下部分基金估值调整情况的公告,2018-07-03,证券日报电子报
创金合信基金管理有限公司关于以通讯方式召开创金合信鑫优选灵活配置混合型证券投资基金基金份额持有人大会的公告,2018-07-06,证券日报电子报
创金合信基金管理有限公司关于以通讯方式召开创金合信鑫优选灵活配置混合型证券投资基金基金份额持有人大会的公告,2018-07-06,证券日报电子报
创金合信基金管理有限公司关于以通讯方式召开创金合信鑫优选灵活配置混合型证券投资基金基金份额持有人大会的第一次提示性公告,2018-07-09,证券日报电子报
创金合信基金管理有限公司关于以通讯方式召开创金合信鑫优选灵活配置混合型证券投资基金基金份额持有人大会的第一次提示性公告,2018-07-09,证券日报电子报
创金合信量化核心混合型证券投资基金基金经理变更公告,2018-07-10,证券日报电子报
创金合信基金管理有限公司关于以通讯方式召开创金合信鑫优选灵活配置混合型证券投资基金基金份额持有人大会的第二次提示性公告,2018-07-10,证券日报电子报
创金合信基金管理有限公司关于旗下部分开放式基金增加包商银行为代销机构的公告,2018-07-18,证券日报电子报
创金合信价值红利灵活配置混合型证券投资基金2018年第2季度报告,2018-07-20,证券日报电子报
创金合信沪深300指数增强型发起式证券投资基金2018年第2季度报告,2018-07-20,证券日报电子报
创金合信科技成长主题股票型发起式证券投资基金2018年第2季度报告,2018-07-20,证券日报电子报
创金合信量化核心混合型证券投资基金2018年第2季度报告,2018-07-20,证券日报电子报
创金合信鑫价值灵活配置混合型证券投资基金2018年第2季度报告,2018-07-20,证券日报电子报
创金合信鑫优选灵活配置混合型证券投资基金2018年第2季度报告,2018-07-20,证券日报电子报
创金合信尊智纯债债券型证券投资基金2018年第2季度报告,2018-07-20,证券日报电子报
创金合信尊享纯债债券型证券投资基金2018年第2季度报告,2018-07-20,证券日报电子报
创金合信尊泰纯债债券型证券投资基金2018年第2季度报告,2018-07-20,证券日报电子报
创金合信中证500指数增强型发起式证券投资基金2018年第2季度报告,2018-07-20,证券日报电子报
创金合信尊智纯债债券型证券投资基金招募说明书（更新）摘要,2018-07-30,证券日报电子报
创金合信尊智纯债债券型证券投资基金暂停大额申购业务的公告,2018-08-01,证券日报电子报
创金合信基金管理有限公司关于旗下部分开放式基金增加恒泰证券为代销机构的公告,2018-08-01,证券日报电子报
创金合信鑫优选灵活配置混合型证券投资基金暂停申购、定期定额投资业务的公告,2018-08-07,证券日报电子报
创金合信鑫优选灵活配置混合型证券投资基金基金份额持有人大会表决结果暨决议生效公告,2018-08-08,证券日报电子报
创金合信基金管理有限公司关于旗下部分开放式基金增加长量基金为代销机构的公告,2018-08-10,证券日报电子报
创金合信科技成长主题股票型发起式证券投资基金招募说明书（更新）摘要,2018-08-10,证券日报电子报
关于创金合信鑫优选灵活配置混合型证券投资基金转型为创金合信转债精选债券型证券投资基金的提示性公告,2018-08-10,证券日报电子报
创金合信科技成长主题股票型发起式证券投资基金招募说明书（更新）摘要,2018-08-10,证券日报电子报
创金合信转债精选债券型证券投资基金招募说明书,2018-08-10,证券日报电子报
创金合信转债精选债券型证券投资基金招募说明书,2018-08-10,证券日报电子报
创金合信转债精选债券型证券投资基金招募说明书,2018-08-10,证券日报电子报
创金合信基金管理有限公司创金合信转债精选债券型证券投资基金基金合同内容摘要,2018-08-10,证券日报电子报
创金合信转债精选债券型证券投资基金招募说明书,2018-08-10,证券日报电子报
创金合信沪深300指数增强型发起式证券投资基金招募说明书（更新）摘要,2018-08-13,证券日报电子报
创金合信中证500指数增强型发起式证券投资基金招募说明书（更新）摘要（2018年第1号）,2018-08-13,证券日报电子报
关于创金合信转债精选债券型证券投资基金招募说明书的更正公告,2018-08-16,证券日报电子报
创金合信基金管理有限公司关于旗下部分开放式基金增加和耕传承为代销机构的公告,2018-08-17,证券日报电子报
关于创金合信鑫优选灵活配置混合型证券投资基金转型为创金合信转债精选债券型证券投资基金基金份额折算及转换结果公告,2018-08-17,证券日报电子报
创金合信转债精选债券型证券投资基金开放日常申购、赎回、转换及定期定额投资业务的公告,2018-08-17,证券日报电子报
创金合信基金管理有限公司关于以通讯方式召开创金合信鑫价值灵活配置混合型证券投资基金基金份额持有人大会的公告,2018-08-22,证券日报电子报
创金合信基金管理有限公司关于以通讯方式召开创金合信鑫价值灵活配置混合型证券投资基金基金份额持有人大会的公告(下版D116版),2018-08-22,证券日报电子报
创金合信基金管理有限公司关于以通讯方式召开创金合信鑫价值灵活配置混合型证券投资基金基金份额持有人大会的公告,2018-08-22,证券日报电子报
创金合信基金管理有限公司关于以通讯方式召开创金合信鑫价值灵活配置混合型证券投资基金基金份额持有人大会的第一次提示性公告,2018-08-23,证券日报电子报
创金合信基金管理有限公司关于以通讯方式召开创金合信鑫价值灵活配置混合型证券投资基金基金份额持有人大会的第一次提示性公告,2018-08-23,证券日报电子报
创金合信基金管理有限公司关于以通讯方式召开创金合信鑫价值灵活配置混合型证券投资基金基金份额持有人大会的第二次提示性公告,2018-08-24,证券日报电子报
创金合信基金管理有限公司关于以通讯方式召开创金合信鑫价值灵活配置混合型证券投资基金基金份额持有人大会的第二次提示性公告,2018-08-24,证券日报电子报
创金合信基金管理有限公司关于以通讯方式召开创金合信鑫价值灵活配置混合型证券投资基金基金份额持有人大会的第二次提示性公告,2018-08-24,证券日报电子报
创金合信汇益纯债一年定期开放债券型证券投资基金 分红公告,2018-08-27,证券日报电子报
创金合信汇益纯债一年定期开放债券型证券投资基金基金经理变更公告,2018-08-28,证券日报电子报
创金合信汇誉纯债六个月定期开放债券型证券投资基金基金经理变更公告,2018-08-28,证券日报电子报
创金合信尊享纯债债券型证券投资基金2018年半年度报告摘要,2018-08-29,证券日报电子报
创金合信沪深300指数增强型发起式证券投资基金2018年半年度报告摘要,2018-08-29,证券日报电子报
创金合信沪深300指数增强型发起式证券投资基金2018年半年度报告摘要,2018-08-29,证券日报电子报
创金合信科技成长主题股票型发起式证券投资基金2018年半年度报告摘要,2018-08-29,证券日报电子报
创金合信科技成长主题股票型发起式证券投资基金2018年半年度报告摘要,2018-08-29,证券日报电子报
创金合信中证500指数增强型发起式证券投资基金2018年半年度报告摘要,2018-08-29,证券日报电子报
创金合信中证500指数增强型发起式证券投资基金2018年半年度报告摘要,2018-08-29,证券日报电子报
创金合信价值红利灵活配置混合型证券投资基金2018年半年度报告摘要,2018-08-29,证券日报电子报
创金合信鑫价值灵活配置混合型证券投资基金2018年半年度报告摘要,2018-08-29,证券日报电子报
创金合信价值红利灵活配置混合型证券投资基金2018年半年度报告摘要,2018-08-29,证券日报电子报
创金合信鑫价值灵活配置混合型证券投资基金2018年半年度报告摘要,2018-08-29,证券日报电子报
创金合信量化核心混合型证券投资基金2018年半年度报告摘要,2018-08-29,证券日报电子报
创金合信量化核心混合型证券投资基金2018年半年度报告摘要,2018-08-29,证券日报电子报
创金合信尊智纯债债券型证券投资基金2018年半年度报告摘要,2018-08-29,证券日报电子报
创金合信尊泰纯债债券型证券投资基金2018年半年度报告摘要,2018-08-29,证券日报电子报
创金合信鑫优选灵活配置混合型证券投资基金2018年半年度报告摘要,2018-08-29,证券日报电子报
创金合信鑫优选灵活配置混合型证券投资基金2018年半年度报告摘要,2018-08-29,证券日报电子报
创金合信沪深300指数增强型发起式证券投资基金 基金经理变更公告,2018-09-01,证券日报电子报
创金合信中证500指数增强型发起式证券投资基金 基金经理变更公告,2018-09-01,证券日报电子报
创金合信价值红利灵活配置混合型证券投资基金基金经理变更公告,2018-09-08,证券日报电子报
创金合信基金管理有限公司关于旗下部分开放式基金增加代销机构的公告,2018-09-11,证券日报电子报
创金合信鑫价值灵活配置混合型证券投资基金暂停申购、定期定额投资业务的公告,2018-09-26,证券日报电子报
创金合信鑫价值灵活配置混合型证券投资基金基金份额持有人大会表决结果暨决议生效公告,2018-09-27,证券日报电子报
创金合信金融地产精选股票型证券投资基金招募说明书,2018-09-28,证券日报电子报
创金合信金融地产精选股票型证券投资基金招募说明书,2018-09-28,证券日报电子报
创金合信金融地产精选股票型证券投资基金招募说明书,2018-09-28,证券日报电子报
创金合信金融地产精选股票型证券投资基金基金合同内容摘要,2018-09-28,证券日报电子报
创金合信金融地产精选股票型证券投资基金招募说明书,2018-09-28,证券日报电子报
关于创金合信鑫价值灵活配置混合型证券投资基金转型为创金合信金融地产精选股票型证券投资基金的提示性公告,2018-10-09,证券日报电子报
创金合信鑫价值灵活配置混合型证券投资基金招募说明书（更新）摘要,2018-10-12,证券日报电子报
创金合信尊智纯债债券型证券投资基金基金经理变更公告,2018-10-12,证券日报电子报
创金合信尊泰纯债债券型证券投资基金基金经理变更公告,2018-10-12,证券日报电子报
创金合信金融地产精选股票型证券投资基金开放日常申购、赎回、转换及定期定额投资业务的公告,2018-10-13,证券日报电子报
关于创金合信鑫价值灵活配置混合型证券投资基金转型为创金合信金融地产精选股票型证券投资基金基金份额转换及折算结果的公告,2018-10-13,证券日报电子报
创金合信基金管理有限公司关于公司旗下部分基金估值调整情况的公告,2018-10-16,证券日报电子报
创金合信基金管理有限公司关于公司旗下部分基金估值调整情况的公告,2018-10-17,证券日报电子报
创金合信基金管理有限公司关于旗下证券投资基金估值调整情况的公告,2018-10-18,证券日报电子报
创金合信尊享纯债债券型证券投资基金招募说明书（更新）摘要,2018-10-25,证券日报电子报
创金合信汇益纯债一年定期开放债券型证券投资基金2018年第3季度报告,2018-10-25,证券日报电子报
创金合信沪深300指数增强型发起式证券投资基金2018年第3季度报告,2018-10-25,证券日报电子报
创金合信价值红利灵活配置混合型证券投资基金2018年第3季度报告,2018-10-25,证券日报电子报
创金合信汇誉纯债六个月定期开放债券型证券投资基金2018年第3季度报告,2018-10-25,证券日报电子报
创金合信量化核心混合型证券投资基金2018年第3季度报告,2018-10-25,证券日报电子报
创金合信科技成长主题股票型发起式证券投资基金2018年第3季度报告,2018-10-25,证券日报电子报
创金合信中证500指数增强型发起式证券投资基金2018年第3季度报告,2018-10-25,证券日报电子报
创金合信鑫价值灵活配置混合型证券投资基金2018年第3季度报告,2018-10-25,证券日报电子报
创金合信尊泰纯债债券型证券投资基金2018年第3季度报告,2018-10-25,证券日报电子报
创金合信尊智纯债债券型证券投资基金2018年第3季度报告,2018-10-25,证券日报电子报
创金合信尊享纯债债券型证券投资基金2018年第3季度报告,2018-10-25,证券日报电子报
创金合信基金管理有限公司关于旗下部分开放式基金增加植信基金为代销机构的公告,2018-10-26,证券日报电子报
创金合信基金管理有限公司关于旗下部分开放式基金增加华创证券为代销机构的公告,2018-11-06,证券日报电子报
创金合信基金管理有限公司关于旗下部分开放式基金增加代销机构的公告,2018-11-08,证券日报电子报
创金合信量化核心混合型证券投资基金招募说明书（更新）摘要,2018-11-09,证券日报电子报
创金合信量化核心混合型证券投资基金招募说明书（更新）摘要,2018-11-09,证券日报电子报
创金合信基金管理有限公司关于旗下部分开放式基金增加中银国际证券为代销机构的公告,2018-11-13,证券日报电子报
创金合信汇远纯债两年期定期开放债券型证券投资基金招募说明书,2018-11-16,证券日报电子报
创金合信汇远纯债两年期定期开放债券型证券投资基金招募说明书,2018-11-16,证券日报电子报
创金合信汇远纯债两年期定期开放债券型证券投资基金招募说明书,2018-11-16,证券日报电子报
创金合信汇远纯债两年期定期开放债券型证券投资基金基金合同内容摘要,2018-11-16,证券日报电子报
创金合信汇远纯债两年期定期开放债券型证券投资基金基金份额发售公告,2018-11-16,证券日报电子报
创金合信沪深300指数增强型发起式证券投资基金基金经理变更公告,2018-11-20,证券日报电子报
创金合信基金管理有限公司关于旗下部分开放式基金增加阳光人寿为代销机构的公告,2018-11-29,证券日报电子报
创金合信基金管理有限公司关于创金合信汇远纯债两年期定期开放债券型证券投资基金基金合同不能生效的公告,2018-12-04,证券日报电子报
创金合信尊泰纯债债券型证券投资基金招募说明书（更新）摘要,2018-12-04,证券日报电子报
创金合信中证500指数增强型发起式证券投资基金基金经理变更公告,2018-12-05,证券日报电子报
创金合信价值红利灵活配置混合型证券投资基金招募说明书（更新）摘要（2018年第1号）,2018-12-06,证券日报电子报
创金合信价值红利灵活配置混合型证券投资基金招募说明书（更新）摘要（2018年第1号）,2018-12-06,证券日报电子报
创金合信基金管理有限公司关于旗下部分基金估值调整情况的公告,2018-12-15,证券日报电子报
创金合信汇誉纯债六个月定期开放债券型证券投资基金开放申购、赎回及转换业务的公告,2018-12-21,证券日报电子报
创金合信沪深300指数增强型发起式证券投资基金关于增加华泰证券为代销机构暨参加华泰证券费率优惠活动的公告,2018-12-21,证券日报电子报
第一创业证券股份有限公司关于控股子公司创金合信基金管理有限公司变更股权获中国证监会批复的公告,2018-12-25,证券日报电子报
创金合信汇誉纯债六个月定期开放债券型证券投资基金基金经理变更公告,2018-12-26,证券日报电子报
创金合信基金管理有限公司关于创金合信中证500指数增强型发起式证券投资基金增加华泰证券为代销机构暨参加华泰证券费率优惠活动的公告,2019-01-07,证券日报电子报
创金合信尊享纯债债券型证券投资基金分红公告,2019-01-09,证券日报电子报
创金合信转债精选债券型证券投资基金 2018年第4季度报告,2019-01-19,证券日报电子报
创金合信新能源汽车主题股票型发起式证券投资基金 2018年第4季度报告,2019-01-19,证券日报电子报
创金合信尊丰纯债债券型证券投资基金 2018年第4季度报告,2019-01-19,证券日报电子报
创金合信尊智纯债债券型证券投资基金 2018年第4季度报告,2019-01-19,证券日报电子报
创金合信尊智纯债债券型证券投资基金招募说明书（更新）摘要,2019-01-29,证券日报电子报
创金合信尊智纯债债券型证券投资基金分红公告,2019-03-18,证券日报电子报
创金合信基金管理有限公司关于旗下开放式基金参与中投证券费率优惠活动的公告,2019-03-28,证券日报电子报
创金合信转债精选债券型证券投资基金招募说明书（更新）摘要,2019-03-29,证券日报电子报
创金合信转债精选债券型证券投资基金招募说明书（更新）摘要,2019-03-29,证券日报电子报
创金合信转债精选债券型证券投资基金（原创金合信鑫优选灵活配置混合型证券投资基金转型）2018年年度报告摘要,2019-03-29,证券日报电子报
创金合信转债精选债券型证券投资基金（原创金合信鑫优选灵活配置混合型证券投资基金转型）2018年年度报告摘要,2019-03-29,证券日报电子报
创金合信新能源汽车主题股票型发起式证券投资基金2018年年度报告摘要,2019-03-29,证券日报电子报
创金合信新能源汽车主题股票型发起式证券投资基金2018年年度报告摘要,2019-03-29,证券日报电子报
创金合信尊智纯债债券型证券投资基金2018年年度报告摘要,2019-03-29,证券日报电子报
创金合信尊智纯债债券型证券投资基金2018年年度报告摘要,2019-03-29,证券日报电子报
创金合信尊丰纯债债券型证券投资基金2018年年度报告摘要,2019-03-29,证券日报电子报
创金合信尊丰纯债债券型证券投资基金2018年年度报告摘要,2019-03-29,证券日报电子报
创金合信基金管理有限公司关于公司旗下部分基金估值调整情况的公告,2019-04-04,证券日报电子报
创金合信基金管理有限公司关于旗下部分开放式基金增加第一创业为代销机构的公告,2019-04-10,证券日报电子报
创金合信基金管理有限公司 关于公司旗下部分基金估值调整情况的公告,2019-04-12,证券日报电子报
创金合信尊丰纯债债券型证券投资基金招募说明书（更新）摘要,2019-04-15,证券日报电子报
创金合信尊丰纯债债券型证券投资基金招募说明书（更新）摘要,2019-04-15,证券日报电子报
创金合信基金管理有限公司关于旗下部分开放式基金增加华夏财富为代销机构的公告,2019-04-16,证券日报电子报
创金合信转债精选债券型证券投资基金 2019年第1季度报告,2019-04-22,证券日报电子报
创金合信新能源汽车主题股票型发起式证券投资基金 2019年第1季度报告,2019-04-22,证券日报电子报
创金合信尊智纯债债券型证券投资基金 2019年第1季度报告,2019-04-22,证券日报电子报
创金合信尊丰纯债债券型证券投资基金 2019年第1季度报告,2019-04-22,证券日报电子报
关于创金合信基金管理有限公司注册资本及股权变更的公告,2019-05-06,证券日报电子报
第一创业证券股份有限公司关于控股子公司创金合信完成工商变更登记的公告,2019-05-06,证券日报电子报
创金合信基金管理有限公司关于旗下部分开放式基金增加招商证券为代销机构的公告,2019-05-10,证券日报电子报
创金合信基金管理有限公司关于旗下部分开放式基金增加招商银行为代销机构的公告,2019-05-23,证券日报电子报
创金合信基金管理有限公司关于旗下部分开放式基金增加汇林保大为代销机构的公告,2019-06-12,证券日报电子报
创金合信基金管理有限公司高级管理人员变更公告公告,2019-06-13,证券日报电子报
创金合信基金管理有限公司关于旗下部分基金可投资于科创板股票的公告,2019-06-21,证券日报电子报
创金合信新能源汽车主题股票型发起式证券投资基金招募说明书（更新）摘要,2019-06-21,证券日报电子报
创金合信新能源汽车主题股票型发起式证券投资基金招募说明书（更新）摘要,2019-06-21,证券日报电子报
创金合信基金管理有限公司关于旗下部分开放式基金增加代销机构的公告,2019-06-26,证券日报电子报
第一创业证券股份有限公司关于控股子公司创金合信基金管理有限公司取得合格境内机构投资者（QDII）资格的公告,2019-06-27,证券日报电子报
创金合信基金管理有限公司关于旗下部分开放式基金增加恒泰证券为代销机构的公告,2019-07-04,证券日报电子报
创金合信基金管理有限公司关于旗下部分开放式基金增加新浪仓石基金为代销机构的公告,2019-07-06,证券日报电子报
创金合信基金管理有限公司关于旗下开放式基金参与天天基金费率优惠活动的公告,2019-07-16,证券日报电子报
创金合信基金管理有限公司关于旗下部分开放式基金增加大连网金基金为代销机构的公告,2019-07-16,证券日报电子报
创金合信基金管理有限公司关于旗下部分开放式基金参与中泰证券费率优惠活动的公告,2019-07-18,证券日报电子报
创金合信转债精选债券型证券投资基金 2019年第2季度报告,2019-07-18,证券日报电子报
创金合信尊智纯债债券型证券投资基金 2019年第2季度报告,2019-07-18,证券日报电子报
创金合信新能源汽车主题股票型发起式证券投资基金 2019年第2季度报告,2019-07-18,证券日报电子报
创金合信尊丰纯债债券型证券投资基金 2019年第2季度报告,2019-07-18,证券日报电子报
创金合信尊智纯债债券型证券投资基金招募说明书（更新）摘要,2019-07-30,证券日报电子报
创金合信基金管理有限公司关于旗下部分开放式基金增加民商基金销售(上海)有限公司为代销机构,2019-08-08,证券日报电子报
创金合信基金管理有限公司关于旗下部分开放式基金增加联储证券为代销机构的公告,2019-08-14,证券日报电子报
创金合信基金管理有限公司关于旗下部分开放式基金增加平安银行为代销机构的公告,2019-08-16,证券日报电子报
创金合信基金管理有限公司关于旗下部分开放式基金增加百度百盈为代销机构的公告,2019-08-21,证券日报电子报
创金合信尊智纯债债券型证券投资基金2019年半年度报告摘要,2019-08-27,证券日报电子报
创金合信尊丰纯债债券型证券投资基金2019年半年度报告摘要,2019-08-27,证券日报电子报
创金合信转债精选债券型证券投资基金2019年半年度报告摘要,2019-08-27,证券日报电子报
创金合信新能源汽车主题股票型发起式证券投资基金2019年半年度报告摘要,2019-08-27,证券日报电子报
创金合信基金管理有限公司关于旗下部分开放式基金增加东方财富证券为代销机构的公告,2019-09-04,证券日报电子报
创金合信基金管理有限公司关于旗下部分开放式基金增加中信建投证券为代销机构的公告,2019-09-25,证券日报电子报
创金合信基金管理有限公司关于旗下部分开放式基金增加中信证券为代销机构的公告,2019-09-26,证券日报电子报
创金合信转债精选债券型证券投资基金招募说明书（更新）摘要,2019-09-27,证券日报电子报
创金合信汇嘉三个月定期开放债券型发起式证券投资基金基金份额发售公告,2019-09-30,证券日报电子报
创金合信汇嘉三个月定期开放债券型发起式证券投资基金基金合同及招募说明书提示性公告,2019-09-30,证券日报电子报
创金合信基金管理有限公司旗下部分基金2019年第三季度报告提示性公告,2019-10-23,证券日报电子报
创金合信基金管理有限公司关于旗下部分开放式基金增加中信建投证券为代销机构的公告,2019-11-13,证券日报电子报
创金合信基金管理有限公司关于旗下部分开放式基金增加中证金牛为代销机构暨参加中证金牛费率优惠活动的公告,2019-11-15,证券日报电子报
创金合信基金管理有限公司关于旗下部分开放式基金增加中信期货、中信证券（山东）为代销机构的公告,2019-11-16,证券日报电子报
创金合信转债精选债券型证券投资基金基金经理变更公告,2019-11-21,证券日报电子报
创金合信转债精选债券型证券投资基金招募说明书提示性公告,2019-11-21,证券日报电子报
创金合信基金管理有限公司旗下部分开放式证券投资基金增加京东金融为代销机构的公告,2019-11-27,证券日报电子报
关于深圳前海凯恩斯基金销售有限公司终止代销创金合信基金管理有限公司旗下基金的公告,2019-11-27,证券日报电子报
创金合信基金管理有限公司根据《公开募集证券投资基金信息披露管理办法》修订旗下部分公募基金基金合同及托管协议并更新招募说明书的公告,2019-11-30,证券日报电子报
创金合信基金管理有限公司关于旗下电子直销交易平台实施费率优惠的公告,2019-11-30,证券日报电子报
创金合信基金管理有限公司关于创金合信汇嘉三个月定期开放债券型发起式证券投资基金提前结束募集的公告,2019-12-04,证券日报电子报
创金合信汇嘉三个月定期开放债券型发起式证券投资基金基金合同生效公告,2019-12-10,证券日报电子报
创金合信基金管理有限公司 关于调整旗下基金对账单服务形式的公告,2019-12-19,证券日报电子报
创金合信尊智纯债债券型证券投资基金分红公告,2019-12-20,证券日报电子报
基金公司“人财物”加速配置 招商、创金合信产品进度领先,2019-12-27,证券日报电子报
创金合信基金管理有限公司关于旗下开放式基金参与交通银行费率优惠活动的公告,2019-12-31,证券日报电子报
创金合信基金管理有限公司 关于旗下部分开放式基金增加北京恒天明泽为 代销机构暨参加恒天明泽费率优惠活动的公告,2020-01-02,证券日报电子报
